Subset,Recording,Sensor,NumberOfTimeGaps,MeanGap_ms,MedianGap_ms,StdGap_ms,MinGap_ms,MaxGap_ms,MeanOverMedianRatio
quasi_static,static_bend_x_100,ATI force/torque,5998,5.00091996817797,0.239014625549316,7.03334743059718,0.0579357147216797,16.1471366882324,20.9230709488366
quasi_static,static_bend_x_100,FBG shape sensor,2999,10.0034354885008,8.2859992980957,9.03115277299355,0.0188350677490234,47.8489398956299,1.20726965192959
quasi_static,static_bend_x_100,OptiTrack motion capture,3772,8.33342082932797,8.32104682922363,0.527153441985411,6.66499137878418,10.0471973419189,1.00148707252324
quasi_static,static_bend_x_100,Motor encoders,3029,8.56061373736135,2.01106071472168,27.6463624129619,1.74999237060547,140.64621925354,4.25676543462592
quasi_static,static_bend_x_100,Mark-10 (dataMark10_+x.csv),9992,2.936651722921,2.82883644104004,0.37391483345795,2.52103805541992,18.5761451721191,1.03811294294601
quasi_static,static_bend_x_100,Mark-10 (dataMark10_+y.csv),11568,2.53387551914442,2.44998931884766,0.319466087459299,2.23302841186523,17.6489353179932,1.03423941469925
quasi_static,static_bend_x_100,Mark-10 (dataMark10_-x.csv),9860,2.98137485860086,2.87795066833496,0.37453083541364,2.37011909484863,18.9089775085449,1.0359367488136
quasi_static,static_bend_x_100,Mark-10 (dataMark10_-y.csv),11203,2.62628761049063,2.53796577453613,0.334389329708993,2.29811668395996,17.941951751709,1.0348002470485
quasi_static,static_bend_x_150,ATI force/torque,5996,5.00135890160345,0.23496150970459,7.03658942898354,0.0579357147216797,16.2820816040039,21.2858646843541
quasi_static,static_bend_x_150,FBG shape sensor,3000,10.0026833216349,8.51702690124512,8.96382051828857,0.0200271606445312,48.069953918457,1.17443368884659
quasi_static,static_bend_x_150,OptiTrack motion capture,3772,8.33320655600264,8.33034515380859,0.537073767942662,6.63089752197266,9.93824005126953,1.00034349143297
quasi_static,static_bend_x_150,Motor encoders,4543,5.69186970548905,1.99604034423828,21.0129891801396,1.74093246459961,139.642000198364,2.85158049130573
quasi_static,static_bend_x_150,Mark-10 (dataMark10_+x.csv),9615,3.05252251250634,2.9900074005127,0.394229814895818,2.52413749694824,17.9679393768311,1.02090801246275
quasi_static,static_bend_x_150,Mark-10 (dataMark10_+y.csv),11436,2.5644955329855,2.47287750244141,0.332206566745228,2.30002403259277,17.8968906402588,1.03704915850205
quasi_static,static_bend_x_150,Mark-10 (dataMark10_-x.csv),9900,2.97069142563174,2.87413597106934,0.37208300484633,2.40206718444824,18.7790393829346,1.03359460218108
quasi_static,static_bend_x_150,Mark-10 (dataMark10_-y.csv),11171,2.635498267131,2.54297256469727,0.336172390494424,2.30598449707031,18.4829235076904,1.03638486066197
quasi_static,static_bend_x_180,ATI force/torque,5996,5.00124816181979,0.239849090576172,7.02514032228836,0.0569820404052734,16.2079334259033,20.8516452983235
quasi_static,static_bend_x_180,FBG shape sensor,2997,10.0105572510529,8.45193862915039,9.05000832497707,0.0140666961669922,49.7229099273682,1.18440960000904
quasi_static,static_bend_x_180,OptiTrack motion capture,3772,8.33323550502417,8.32593441009521,0.52664657278228,6.68883323669434,9.80210304260254,1.00087690997422
quasi_static,static_bend_x_180,Motor encoders,5443,4.75402608111394,1.99413299560547,18.1925708053014,1.72781944274902,127.526044845581,2.38400652894793
quasi_static,static_bend_x_180,Mark-10 (dataMark10_+x.csv),9621,3.05116638771995,2.97689437866211,0.396157579064798,2.52389907836914,18.3889865875244,1.02494949420786
quasi_static,static_bend_x_180,Mark-10 (dataMark10_+y.csv),11403,2.57197430413365,2.48193740844727,0.329160652138305,2.25591659545898,17.6010131835938,1.03627685991594
quasi_static,static_bend_x_180,Mark-10 (dataMark10_-x.csv),9872,2.97836345926869,2.8839111328125,0.37023257330961,2.54702568054199,18.2211399078369,1.03275146913562
quasi_static,static_bend_x_180,Mark-10 (dataMark10_-y.csv),11176,2.63344157825817,2.54607200622559,0.297929665380693,2.31289863586426,5.10406494140625,1.03431543641301
quasi_static,static_bend_x_200,ATI force/torque,5998,5.00092565238217,0.216960906982422,7.04649470999879,0.0588893890380859,16.2811279296875,23.0498928214167
quasi_static,static_bend_x_200,FBG shape sensor,2999,10.0029896560928,8.78095626831055,8.93373101792709,0.0140666961669922,51.1629581451416,1.13916859968799
quasi_static,static_bend_x_200,OptiTrack motion capture,3772,8.33315971926692,8.33249092102051,0.528642000661194,6.43253326416016,10.2884769439697,1.00008026390341
quasi_static,static_bend_x_200,Motor encoders,6058,4.28195210642923,2.00009346008301,16.5426535180904,1.74713134765625,127.403020858765,2.14087600998981
quasi_static,static_bend_x_200,Mark-10 (dataMark10_+x.csv),9733,3.01769496749585,2.94303894042969,0.365903138556094,2.52294540405273,5.65695762634277,1.02536698581884
quasi_static,static_bend_x_200,Mark-10 (dataMark10_+y.csv),11446,2.56399258062512,2.47406959533691,0.297653466656263,2.30002403259277,4.87399101257324,1.03634618260444
quasi_static,static_bend_x_200,Mark-10 (dataMark10_-x.csv),9956,2.95551556475721,2.85506248474121,0.334647034822587,2.57015228271484,5.54203987121582,1.03518419668672
quasi_static,static_bend_x_200,Mark-10 (dataMark10_-y.csv),11251,2.61778170750328,2.532958984375,0.297324085696044,2.31003761291504,4.84800338745117,1.03348760230684
quasi_static,static_bend_x_n100,ATI force/torque,5997,5.00200083797646,0.215053558349609,7.06273784510884,0.0579357147216797,16.2899494171143,23.2593260784124
quasi_static,static_bend_x_n100,FBG shape sensor,2999,10.0040473950708,8.79383087158203,8.96897380183333,0.0221729278564453,51.6769886016846,1.13762108245676
quasi_static,static_bend_x_n100,OptiTrack motion capture,3772,8.33351532449652,8.32509994506836,0.496307218795084,6.91390037536621,9.70911979675293,1.00101084425216
quasi_static,static_bend_x_n100,Motor encoders,2962,8.60099394847862,1.99794769287109,27.7689141657574,1.70183181762695,139.76001739502,4.30491447757514
quasi_static,static_bend_x_n100,Mark-10 (dataMark10_+x.csv),10686,2.71385561186076,2.61378288269043,0.352057839887469,2.27713584899902,18.0659294128418,1.03828655005473
quasi_static,static_bend_x_n100,Mark-10 (dataMark10_+y.csv),11104,2.6082636987098,2.55393981933594,0.341716449394769,2.29787826538086,18.5530185699463,1.02127061842357
quasi_static,static_bend_x_n100,Mark-10 (dataMark10_-x.csv),9703,2.99548252604615,2.88200378417969,0.368600941280035,2.593994140625,18.7499523162842,1.03937494547696
quasi_static,static_bend_x_n100,Mark-10 (dataMark10_-y.csv),11141,2.61255729862929,2.52890586853027,0.328589704441223,2.29811668395996,18.4760093688965,1.03307811142359
quasi_static,static_bend_x_n150,ATI force/torque,5997,4.99984890853681,0.214099884033203,7.06069032964866,0.0569820404052734,16.042947769165,23.3528800406142
quasi_static,static_bend_x_n150,FBG shape sensor,2994,10.0193006162573,8.69154930114746,8.97198397793318,0.0209808349609375,56.78391456604,1.15276347968648
quasi_static,static_bend_x_n150,OptiTrack motion capture,3772,8.33333480396048,8.32176208496094,0.489634172717735,6.66069984436035,9.86289978027344,1.00139065727684
quasi_static,static_bend_x_n150,Motor encoders,4420,5.75929410856773,1.99389457702637,21.19651546625,1.75905227661133,139.84203338623,2.88846470366401
quasi_static,static_bend_x_n150,Mark-10 (dataMark10_+x.csv),10733,2.702131749399,2.61306762695312,0.342763073555752,2.24494934082031,17.7679061889648,1.03408412454664
quasi_static,static_bend_x_n150,Mark-10 (dataMark10_+y.csv),10915,2.65364618515455,2.58898735046387,0.344356957409013,2.30312347412109,17.8439617156982,1.02497456570388
quasi_static,static_bend_x_n150,Mark-10 (dataMark10_-x.csv),9663,3.00812336348185,2.89201736450195,0.369905090445909,2.60686874389648,18.2218551635742,1.04014706149591
quasi_static,static_bend_x_n150,Mark-10 (dataMark10_-y.csv),11130,2.6143340516069,2.52795219421387,0.328493620153832,2.30503082275391,17.564058303833,1.03417068471103
quasi_static,static_bend_x_n180,ATI force/torque,5998,5.00167473509694,0.213861465454102,7.05409007998556,0.0560283660888672,16.3309574127197,23.387451893106
quasi_static,static_bend_x_n180,FBG shape sensor,2999,10.0056182229149,8.61907005310059,8.98968175661599,0.0150203704833984,43.4319972991943,1.16086981092764
quasi_static,static_bend_x_n180,OptiTrack motion capture,3772,8.33339756897879,8.31317901611328,0.507716788723286,7.04598426818848,9.98210906982422,1.00243210844207
quasi_static,static_bend_x_n180,Motor encoders,5265,4.83904500745753,1.98507308959961,18.5254657435798,1.75786018371582,142.935991287231,2.43771629005034
quasi_static,static_bend_x_n180,Mark-10 (dataMark10_+x.csv),10599,2.73341135614739,2.6390552520752,0.355340132308607,2.24804878234863,18.1961059570312,1.03575374331325
quasi_static,static_bend_x_n180,Mark-10 (dataMark10_+y.csv),10757,2.68972184873707,2.60496139526367,0.342885541557303,2.31218338012695,17.8160667419434,1.03253808429849
quasi_static,static_bend_x_n180,Mark-10 (dataMark10_-x.csv),9684,2.99822821296084,2.88701057434082,0.371525092494014,2.54392623901367,18.8150405883789,1.03852346077583
quasi_static,static_bend_x_n180,Mark-10 (dataMark10_-y.csv),11106,2.61773115103468,2.53081321716309,0.329203372403504,2.31099128723145,17.4570083618164,1.03434387543187
quasi_static,static_bend_x_n200,ATI force/torque,5995,5.00171194482188,0.222921371459961,7.04741618273396,0.0588893890380859,16.1678791046143,22.4371127454697
quasi_static,static_bend_x_n200,FBG shape sensor,3001,10.0001170213363,9.22703742980957,8.77838299371184,0.0119209289550781,50.5430698394775,1.08378416121183
quasi_static,static_bend_x_n200,OptiTrack motion capture,3772,8.33554371543553,8.33892822265625,0.644117982299584,0.800848007202148,22.575855255127,0.999594131628147
quasi_static,static_bend_x_n200,Motor encoders,5805,4.40688441274086,1.98698043823242,17.0882506170284,1.73711776733398,139.419078826904,2.217880119978
quasi_static,static_bend_x_n200,Mark-10 (dataMark10_+x.csv),10786,2.69710838562612,2.61807441711426,0.315878436516145,2.3040771484375,5.1729679107666,1.03018782353749
quasi_static,static_bend_x_n200,Mark-10 (dataMark10_+y.csv),10760,2.70072926375946,2.61402130126953,0.306762232947003,2.45499610900879,5.10215759277344,1.03317033508786
quasi_static,static_bend_x_n200,Mark-10 (dataMark10_-x.csv),9681,3.01150915581091,2.90107727050781,0.338219566474965,2.54702568054199,5.52821159362793,1.03806582004062
quasi_static,static_bend_x_n200,Mark-10 (dataMark10_-y.csv),11145,2.61885329392417,2.53415107727051,0.294830585638811,2.31099128723145,4.92405891418457,1.03342429637025
quasi_static,static_bend_y_100,ATI force/torque,5995,5.00200532494832,0.237941741943359,7.03306253565955,0.0569820404052734,16.2708759307861,21.0219748922365
quasi_static,static_bend_y_100,FBG shape sensor,2997,10.0109900161748,8.69488716125488,8.87787424313135,0.0219345092773438,52.372932434082,1.15136514488476
quasi_static,static_bend_y_100,OptiTrack motion capture,3772,8.34461525161598,8.32009315490723,0.931368175953653,3.57913970947266,55.4993152618408,1.00294733439304
quasi_static,static_bend_y_100,Motor encoders,3036,8.53161661050065,2.00009346008301,27.629518368251,1.7850399017334,143.109083175659,4.26560897316597
quasi_static,static_bend_y_100,Mark-10 (dataMark10_+x.csv),10860,2.6982388663248,2.60806083679199,0.340372552487098,2.37512588500977,17.9598331451416,1.03457665874226
quasi_static,static_bend_y_100,Mark-10 (dataMark10_+y.csv),9948,2.94288066577183,2.84099578857422,0.359760887006053,2.52008438110352,18.0478096008301,1.0358623823405
quasi_static,static_bend_y_100,Mark-10 (dataMark10_-x.csv),11339,2.58957951753709,2.50411033630371,0.318195557063337,2.31504440307617,17.4860954284668,1.03413155562448
quasi_static,static_bend_y_100,Mark-10 (dataMark10_-y.csv),9906,2.96682221658923,2.91204452514648,0.37837537420227,2.28095054626465,18.2299613952637,1.01881073279262
quasi_static,static_bend_y_150,ATI force/torque,5995,5.00202636305146,0.30207633972168,6.92597371060284,0.057220458984375,16.1159038543701,16.5588154559212
quasi_static,static_bend_y_150,FBG shape sensor,3000,10.0038950443268,10.0929737091064,8.71688937178734,0.0288486480712891,42.5858497619629,0.991174190347956
quasi_static,static_bend_y_150,OptiTrack motion capture,3772,8.33337633126867,8.32343101501465,0.533512051466903,6.34336471557617,9.85050201416016,1.00119485777392
quasi_static,static_bend_y_150,Motor encoders,3038,8.50743381030627,2.74991989135742,25.8843354275803,1.90591812133789,143.216133117676,3.09370241549357
quasi_static,static_bend_y_150,Mark-10 (dataMark10_+x.csv),10459,2.80014072826344,2.69699096679688,0.363517236897133,2.36392021179199,18.5019969940186,1.03824623913705
quasi_static,static_bend_y_150,Mark-10 (dataMark10_+y.csv),9314,3.14131800852442,3.0970573425293,0.39171268516081,2.57205963134766,18.7549591064453,1.0142912000328
quasi_static,static_bend_y_150,Mark-10 (dataMark10_-x.csv),10834,2.70800738398915,2.59900093078613,0.34848003885192,2.30693817138672,17.6620483398438,1.04194167532293
quasi_static,static_bend_y_150,Mark-10 (dataMark10_-y.csv),9837,2.98577544043749,2.9759407043457,0.387527295922272,2.34889984130859,18.8078880310059,1.00330474867239
quasi_static,static_bend_y_180,ATI force/torque,5996,5.0020613934375,0.20289421081543,7.06375073947579,0.0569820404052734,16.1960124969482,24.6535441959348
quasi_static,static_bend_y_180,FBG shape sensor,2998,10.0112941918809,8.62491130828857,8.91252034861595,0.0169277191162109,46.3821887969971,1.16074169739693
quasi_static,static_bend_y_180,OptiTrack motion capture,3772,8.33322646635587,8.3165168762207,0.532706639901168,6.55889511108398,10.1428031921387,1.00200920534208
quasi_static,static_bend_y_180,Motor encoders,5319,4.84290977330288,1.99604034423828,18.4820309552202,1.75285339355469,139.948129653931,2.4262584607983
quasi_static,static_bend_y_180,Mark-10 (dataMark10_+x.csv),10944,2.67310087618075,2.59590148925781,0.309699136610751,2.30002403259277,5.07807731628418,1.02973895089717
quasi_static,static_bend_y_180,Mark-10 (dataMark10_+y.csv),9616,3.03866742752158,2.9599666595459,0.363857469343305,2.52389907836914,5.51700592041016,1.02658839677193
quasi_static,static_bend_y_180,Mark-10 (dataMark10_-x.csv),11318,2.58922370463046,2.5029182434082,0.285844459562955,2.33292579650879,5.17392158508301,1.03448193381848
quasi_static,static_bend_y_180,Mark-10 (dataMark10_-y.csv),10161,2.88734465599905,2.87604331970215,0.364047526505379,2.26402282714844,5.52082061767578,1.00392947359989
quasi_static,static_bend_y_200,ATI force/torque,5996,5.00212728062656,0.210046768188477,7.05853775806883,0.0581741333007812,16.2398815155029,23.8143501267209
quasi_static,static_bend_y_200,FBG shape sensor,2999,10.0060519714203,8.40187072753906,8.95460701814699,0.0240802764892578,53.9839267730713,1.19093143609353
quasi_static,static_bend_y_200,OptiTrack motion capture,3772,8.33320301638428,8.33010673522949,0.51033154665776,7.00259208679199,9.69290733337402,1.00037169765685
quasi_static,static_bend_y_200,Motor encoders,5920,4.32907922847851,1.99294090270996,16.7452249449265,1.74689292907715,129.26197052002,2.17220652282861
quasi_static,static_bend_y_200,Mark-10 (dataMark10_+x.csv),11266,2.58696261253066,2.51007080078125,0.303522552311238,2.30002403259277,5.05495071411133,1.03063332385902
quasi_static,static_bend_y_200,Mark-10 (dataMark10_+y.csv),9600,3.03285270929337,2.94709205627441,0.366454038919267,2.5479793548584,5.71084022521973,1.02910009303454
quasi_static,static_bend_y_200,Mark-10 (dataMark10_-x.csv),11298,2.58492625778936,2.50101089477539,0.287350088806547,2.31409072875977,4.91690635681152,1.03355257795528
quasi_static,static_bend_y_200,Mark-10 (dataMark10_-y.csv),10018,2.91819026499219,2.88808345794678,0.362511709132281,2.2280216217041,5.83720207214355,1.01042449343442
quasi_static,static_bend_y_n100,ATI force/torque,5997,5.0013523330803,0.314950942993164,6.92761117989082,0.0591278076171875,16.0901546478271,15.8797820560545
quasi_static,static_bend_y_n100,FBG shape sensor,3000,10.0071156024933,10.0734233856201,8.72821703485813,0.0209808349609375,48.7260818481445,0.993417552247284
quasi_static,static_bend_y_n100,OptiTrack motion capture,3772,8.33339674728167,8.32545757293701,0.518541182338254,6.61396980285645,9.93561744689941,1.00095360216242
quasi_static,static_bend_y_n100,Motor encoders,1881,13.6219840427462,3.25703620910645,34.6388041210075,1.9528865814209,142.15612411499,4.18232502440717
quasi_static,static_bend_y_n100,Mark-10 (dataMark10_+x.csv),10963,2.65987667736863,2.56109237670898,0.309507233504512,2.31504440307617,4.98199462890625,1.03857115875945
quasi_static,static_bend_y_n100,Mark-10 (dataMark10_+y.csv),10179,2.86166529042253,2.75492668151855,0.326352091488963,2.3491382598877,5.28287887573242,1.03874462780445
quasi_static,static_bend_y_n100,Mark-10 (dataMark10_-x.csv),10811,2.70243602283743,2.59804725646973,0.312031629630539,2.34198570251465,5.2490234375,1.04017970270085
quasi_static,static_bend_y_n100,Mark-10 (dataMark10_-y.csv),9478,3.08599324134815,3.01289558410645,0.29995457810045,2.65884399414062,5.61904907226562,1.02426159659409
quasi_static,static_bend_y_n150,ATI force/torque,5995,5.00240850886074,0.291824340820312,6.94172533039489,0.0600814819335938,16.0758495330811,17.1418480542064
quasi_static,static_bend_y_n150,FBG shape sensor,3000,10.0047796567281,9.73308086395264,8.71763134227231,0.03814697265625,37.9328727722168,1.0279149836083
quasi_static,static_bend_y_n150,OptiTrack motion capture,3772,8.33343321799221,8.32736492156982,0.520197383222466,5.84292411804199,10.3123188018799,1.00072871748501
quasi_static,static_bend_y_n150,Motor encoders,2637,9.72165869726211,3.40104103088379,27.6104560118417,1.80387496948242,142.905950546265,2.85843616968533
quasi_static,static_bend_y_n150,Mark-10 (dataMark10_+x.csv),10807,2.69451392417238,2.60305404663086,0.322223341491999,2.32505798339844,5.31101226806641,1.03513560452573
quasi_static,static_bend_y_n150,Mark-10 (dataMark10_+y.csv),10214,2.84794272334463,2.74109840393066,0.325347606330122,2.39300727844238,5.45597076416016,1.03897865149998
quasi_static,static_bend_y_n150,Mark-10 (dataMark10_-x.csv),10820,2.69669243676825,2.59613990783691,0.309571551859128,2.34508514404297,5.08308410644531,1.0387315524205
quasi_static,static_bend_y_n150,Mark-10 (dataMark10_-y.csv),9461,3.08752765540605,3.01504135131836,0.307623006519628,2.67195701599121,5.71799278259277,1.02404156216829
quasi_static,static_bend_y_n180,ATI force/torque,5996,5.0025108339311,0.222921371459961,7.04271181365788,0.0569820404052734,16.1511898040771,22.4406964714444
quasi_static,static_bend_y_n180,FBG shape sensor,2998,10.0069692565887,8.7730884552002,8.83579668637522,0.0209808349609375,54.893970489502,1.14064383457312
quasi_static,static_bend_y_n180,OptiTrack motion capture,3772,8.333595977229,8.31782817840576,0.513224718944922,6.63876533508301,9.8273754119873,1.00189566296454
quasi_static,static_bend_y_n180,Motor encoders,5162,4.99271288808581,2.01606750488281,18.8906088403064,1.77001953125,141.639947891235,2.47646116808773
quasi_static,static_bend_y_n180,Mark-10 (dataMark10_+x.csv),11181,2.61347588758415,2.55203247070312,0.344535904867057,2.29096412658691,18.2449817657471,1.02407626767542
quasi_static,static_bend_y_n180,Mark-10 (dataMark10_+y.csv),10699,2.72757203258725,2.63500213623047,0.350224464932795,2.27499008178711,17.672061920166,1.03513086197691
quasi_static,static_bend_y_n180,Mark-10 (dataMark10_-x.csv),11290,2.59255900437902,2.50411033630371,0.32541996230849,2.31695175170898,17.5380706787109,1.03532139410672
quasi_static,static_bend_y_n180,Mark-10 (dataMark10_-y.csv),9713,3.01732759722153,2.92110443115234,0.366759624692921,2.56991386413574,19.1547870635986,1.03294067991648
quasi_static,static_bend_y_n200,ATI force/torque,5997,5.00122694168485,0.20909309387207,7.0567821457156,0.0579357147216797,16.1459445953369,23.9186615352526
quasi_static,static_bend_y_n200,FBG shape sensor,2999,10.0032183757501,8.01301002502441,9.10538012528263,0.00786781311035156,44.8000431060791,1.24837212789081
quasi_static,static_bend_y_n200,OptiTrack motion capture,3772,8.3336613337536,8.32986831665039,0.543790492759638,4.79364395141602,12.0537281036377,1.0004553513884
quasi_static,static_bend_y_n200,Motor encoders,5799,4.44187429736947,1.99413299560547,17.1512991781249,1.74808502197266,140.127897262573,2.22747144105141
quasi_static,static_bend_y_n200,Mark-10 (dataMark10_+x.csv),11091,2.63515003270727,2.57682800292969,0.311047397701997,2.30193138122559,5.19800186157227,1.02263326450631
quasi_static,static_bend_y_n200,Mark-10 (dataMark10_+y.csv),10733,2.72005115030286,2.62999534606934,0.318220434403172,2.26092338562012,5.25188446044922,1.03424181125191
quasi_static,static_bend_y_n200,Mark-10 (dataMark10_-x.csv),11310,2.58918434618639,2.5019645690918,0.29237077368485,2.32696533203125,4.90403175354004,1.03486051648056
quasi_static,static_bend_y_n200,Mark-10 (dataMark10_-y.csv),9724,3.01478856485697,2.91895866394043,0.323337488456005,2.57301330566406,5.6769847869873,1.03283016717584
dynamic_motion,Lissajous_fast,ATI force/torque,17996,5.00022454854249,0.169992446899414,7.09894795268788,0.0579357147216797,16.4730548858643,29.4143924612201
dynamic_motion,Lissajous_fast,FBG shape sensor,8995,10.0069518616757,9.03892517089844,8.83805762866556,0.0128746032714844,52.0999431610107,1.10709533185361
dynamic_motion,Lissajous_fast,OptiTrack motion capture,10977,8.33345237103622,8.32986831665039,0.518125141736368,6.50429725646973,10.6196403503418,1.00043026543153
dynamic_motion,Lissajous_fast,Motor encoders,35365,2.42241263878357,1.99103355407715,7.31335535845416,1.708984375,141.154050827026,1.21666088139151
dynamic_motion,Lissajous_fast,Mark-10 (dataMark10_+x.csv),30811,2.89956388398915,2.81405448913574,0.387237597378699,2.22396850585938,18.7070369720459,1.03038654552836
dynamic_motion,Lissajous_fast,Mark-10 (dataMark10_+y.csv),30506,2.92780262864489,2.83193588256836,0.377995414498881,2.25305557250977,18.3548927307129,1.03385201856674
dynamic_motion,Lissajous_fast,Mark-10 (dataMark10_-x.csv),29585,3.02162001176079,2.90584564208984,0.375510822206343,2.36392021179199,18.8610553741455,1.03984188560948
dynamic_motion,Lissajous_fast,Mark-10 (dataMark10_-y.csv),29616,3.01949578417371,2.92611122131348,0.379421723258198,2.22396850585938,18.7978744506836,1.03191422191338
dynamic_motion,Lissajous_slow,ATI force/torque,17997,5.00055214441597,0.182867050170898,7.0834037663534,0.0579357147216797,16.3440704345703,27.3452879550619
dynamic_motion,Lissajous_slow,FBG shape sensor,8993,10.0078751112163,9.03201103210449,8.85779727737522,0.0200271606445312,68.9501762390137,1.10804504950703
dynamic_motion,Lissajous_slow,OptiTrack motion capture,10977,8.3334077367846,8.32700729370117,0.528116605132445,6.15787506103516,10.5385780334473,1.00076863666113
dynamic_motion,Lissajous_slow,Motor encoders,37836,2.26479678013345,2.00891494750977,4.50300930019792,1.71995162963867,139.295816421509,1.12737315382161
dynamic_motion,Lissajous_slow,Mark-10 (dataMark10_+x.csv),31143,2.86908245873666,2.79998779296875,0.365484256981228,2.26998329162598,18.6100006103516,1.02467677392788
dynamic_motion,Lissajous_slow,Mark-10 (dataMark10_+y.csv),30710,2.90876828432471,2.82406806945801,0.378544020218515,2.24518775939941,18.3432102203369,1.0299922710018
dynamic_motion,Lissajous_slow,Mark-10 (dataMark10_-x.csv),29858,2.99430705576494,2.8839111328125,0.364794043961027,2.34603881835938,18.916130065918,1.03827993231011
dynamic_motion,Lissajous_slow,Mark-10 (dataMark10_-y.csv),29657,3.01557598229135,2.91895866394043,0.369940654037154,2.31003761291504,18.651008605957,1.033099926883
dynamic_motion,circle_fast,ATI force/torque,17998,5.00047877174256,0.174045562744141,7.09208429160066,0.0579357147216797,16.3590908050537,28.7308604304588
dynamic_motion,circle_fast,FBG shape sensor,8997,10.0038353967789,8.91995429992676,8.80464424745229,0.0219345092773438,51.4419078826904,1.12151195627325
dynamic_motion,circle_fast,OptiTrack motion capture,10977,8.33337950100499,8.32462310791016,0.507443648268154,6.24513626098633,10.1358890533447,1.00105186661082
dynamic_motion,circle_fast,Motor encoders,37187,2.30936730709728,1.99103355407715,6.25492001367274,1.71709060668945,140.3489112854,1.1598836706535
dynamic_motion,circle_fast,Mark-10 (dataMark10_+x.csv),30207,2.95928377228586,2.85601615905762,0.392866820795424,2.24995613098145,18.7580585479736,1.03615792330192
dynamic_motion,circle_fast,Mark-10 (dataMark10_+y.csv),30295,2.94972193243087,2.84290313720703,0.377542652555901,2.23803520202637,18.3038711547852,1.03757384267717
dynamic_motion,circle_fast,Mark-10 (dataMark10_-x.csv),28681,3.11841877770097,2.93898582458496,8.44741833536117,2.3648738861084,1017.61293411255,1.06105267729263
dynamic_motion,circle_fast,Mark-10 (dataMark10_-y.csv),29291,3.054497929042,2.92801856994629,5.85967684088226,2.24900245666504,1003.77607345581,1.0431962284645
dynamic_motion,circle_slow,ATI force/torque,17999,5.00019768011743,0.165939331054688,7.10648542729649,0.0569820404052734,16.3500308990479,30.132685532338
dynamic_motion,circle_slow,FBG shape sensor,8996,10.0043699337462,9.27054882049561,8.7885447838085,0.0178813934326172,49.3638515472412,1.0791561672841
dynamic_motion,circle_slow,OptiTrack motion capture,10977,8.3332988987141,8.32438468933105,0.52340318068975,1.30891799926758,16.7555809020996,1.00107085505004
dynamic_motion,circle_slow,Motor encoders,40532,2.11734289032656,1.98888778686523,3.81001263842584,1.70493125915527,136.794090270996,1.06458640065551
dynamic_motion,circle_slow,Mark-10 (dataMark10_+x.csv),30253,2.95293140824332,2.84314155578613,0.376684392946019,2.23994255065918,18.0740356445312,1.03861568279418
dynamic_motion,circle_slow,Mark-10 (dataMark10_+y.csv),30043,2.97280015479755,2.85196304321289,0.365705932319335,2.52413749694824,18.0811882019043,1.0423698027477
dynamic_motion,circle_slow,Mark-10 (dataMark10_-x.csv),29353,3.04541228654392,2.93803215026855,0.361447720142657,2.55990028381348,18.4848308563232,1.03654831900514
dynamic_motion,circle_slow,Mark-10 (dataMark10_-y.csv),29628,3.01793972071775,2.91991233825684,0.354972476119107,2.23994255065918,18.0709362030029,1.03357202926148
dynamic_motion,plane_x_fast,ATI force/torque,7996,5.00181303911653,0.174999237060547,7.0935617131256,0.0579357147216797,16.15309715271,28.5819134022052
dynamic_motion,plane_x_fast,FBG shape sensor,3998,10.0060422280957,8.97300243377686,8.82174242124447,0.0259876251220703,44.3170070648193,1.11512755088868
dynamic_motion,plane_x_fast,OptiTrack motion capture,4980,8.33339221984986,8.32951068878174,0.513810524783631,7.01189041137695,9.84883308410645,1.00046599748931
dynamic_motion,plane_x_fast,Motor encoders,16711,2.1446062499706,1.98793411254883,4.1928108954305,1.72209739685059,135.814905166626,1.07881153426201
dynamic_motion,plane_x_fast,Mark-10 (dataMark10_+x.csv),13186,2.98547254750712,2.87985801696777,0.36370006162148,2.51197814941406,5.52105903625488,1.03667351998504
dynamic_motion,plane_x_fast,Mark-10 (dataMark10_+y.csv),15699,2.50598541285037,2.42519378662109,0.293567301422391,2.20799446105957,5.37991523742676,1.03331347238104
dynamic_motion,plane_x_fast,Mark-10 (dataMark10_-x.csv),12878,3.06069264039432,2.94709205627441,0.353834653580794,2.38204002380371,5.6760311126709,1.03854666971737
dynamic_motion,plane_x_fast,Mark-10 (dataMark10_-y.csv),15239,2.58834949197775,2.50411033630371,0.288602274248179,2.29978561401367,4.93097305297852,1.03364035300393
dynamic_motion,plane_x_slow,ATI force/torque,7998,5.00108787911509,0.174045562744141,7.09768749395195,0.0588893890380859,16.118049621582,28.7343601311287
dynamic_motion,plane_x_slow,FBG shape sensor,3999,10.0078137405636,8.91900062561035,8.89246089157547,0.0231266021728516,51.0821342468262,1.12207792785963
dynamic_motion,plane_x_slow,OptiTrack motion capture,4980,8.33336397347201,8.32843780517578,0.506855338070979,6.48236274719238,10.2369785308838,1.00059148767289
dynamic_motion,plane_x_slow,Motor encoders,17490,2.0483515615665,1.98721885681152,2.41372309615226,1.71995162963867,138.950824737549,1.03076294518112
dynamic_motion,plane_x_slow,Mark-10 (dataMark10_+x.csv),13470,2.92137892226776,2.81596183776855,0.36173823324678,2.52699851989746,17.8909301757812,1.0374355515353
dynamic_motion,plane_x_slow,Mark-10 (dataMark10_+y.csv),15822,2.48576545667112,2.41804122924805,0.311479367995193,2.15792655944824,17.9719924926758,1.02800788779112
dynamic_motion,plane_x_slow,Mark-10 (dataMark10_-x.csv),13175,2.99096281207264,2.88581848144531,0.381951537276192,2.35700607299805,18.071174621582,1.03643483860935
dynamic_motion,plane_x_slow,Mark-10 (dataMark10_-y.csv),15230,2.58895724679167,2.50792503356934,0.314202498619572,2.26402282714844,18.3231830596924,1.03231046069467
dynamic_motion,plane_y_fast,ATI force/torque,7997,5.00077618141837,0.171899795532227,7.09636075088986,0.0579357147216797,16.0558223724365,29.0912282119664
dynamic_motion,plane_y_fast,FBG shape sensor,3999,10.0011748056109,8.84294509887695,8.87387130512335,0.0219345092773438,51.9280433654785,1.13097782399226
dynamic_motion,plane_y_fast,OptiTrack motion capture,4969,8.33336273941098,8.32986831665039,0.524693071989921,6.92868232727051,9.93180274963379,1.00041950516236
dynamic_motion,plane_y_fast,Motor encoders,16693,2.14786107634538,1.99294090270996,4.15721281023561,1.72686576843262,137.555837631226,1.07773445435575
dynamic_motion,plane_y_fast,Mark-10 (dataMark10_+x.csv),15644,2.51627536845372,2.43711471557617,0.306907084843046,2.23588943481445,17.8430080413818,1.03248129945284
dynamic_motion,plane_y_fast,Mark-10 (dataMark10_+y.csv),13284,2.96146935707329,2.84385681152344,0.38155149616476,2.38704681396484,17.982006072998,1.04135670441398
dynamic_motion,plane_y_fast,Mark-10 (dataMark10_-x.csv),15303,2.57582494046091,2.49099731445312,0.315560684927841,2.31790542602539,18.3568000793457,1.03405368023305
dynamic_motion,plane_y_fast,Mark-10 (dataMark10_-y.csv),13026,3.02835175578502,2.92396545410156,0.369559091301651,2.27689743041992,18.7079906463623,1.03570025136139
dynamic_motion,plane_y_slow,ATI force/torque,7997,5.00135888632378,0.167131423950195,7.10565170147114,0.0569820404052734,16.2301063537598,29.9247069648265
dynamic_motion,plane_y_slow,FBG shape sensor,3999,10.0048597111169,8.83388519287109,8.94741843873881,0.0188350677490234,47.511100769043,1.1325548716878
dynamic_motion,plane_y_slow,OptiTrack motion capture,4980,8.33356169811693,8.32319259643555,0.514117251696258,6.66522979736328,10.04958152771,1.00124580821136
dynamic_motion,plane_y_slow,Motor encoders,17339,2.05612399873866,1.99389457702637,2.39994537877724,1.73783302307129,137.535810470581,1.03120998593873
dynamic_motion,plane_y_slow,Mark-10 (dataMark10_+x.csv),15587,2.51423531731319,2.43711471557617,0.309254076333575,2.24184989929199,18.2499885559082,1.03164422308237
dynamic_motion,plane_y_slow,Mark-10 (dataMark10_+y.csv),13478,2.9041040967915,2.81596183776855,0.351473649965247,2.26593017578125,18.1128978729248,1.03130094230708
dynamic_motion,plane_y_slow,Mark-10 (dataMark10_-x.csv),15243,2.57457041688802,2.49290466308594,0.31401011388852,2.2740364074707,18.6998844146729,1.03275927676311
dynamic_motion,plane_y_slow,Mark-10 (dataMark10_-y.csv),13179,2.97876341099243,2.88987159729004,0.377734404117382,2.29787826538086,18.9869403839111,1.03075977970293
dynamic_motion,star_fast,ATI force/torque,17997,5.00032739744734,0.162839889526367,7.11007495934525,0.0569820404052734,16.3002014160156,30.7070178688477
dynamic_motion,star_fast,FBG shape sensor,8997,10.0026732221423,8.95309448242188,8.78746844363651,0.0209808349609375,48.6679077148438,1.11723083474447
dynamic_motion,star_fast,OptiTrack motion capture,10977,8.33336282017518,8.32462310791016,0.522603423777852,6.83116912841797,9.99617576599121,1.00104986281682
dynamic_motion,star_fast,Motor encoders,39446,2.17898171964538,1.99699401855469,4.55253774273879,1.72209739685059,140.156030654907,1.09113081932133
dynamic_motion,star_fast,Mark-10 (dataMark10_+x.csv),30895,2.89243321373232,2.80117988586426,0.363784755945234,2.22110748291016,17.8060531616211,1.03257674679465
dynamic_motion,star_fast,Mark-10 (dataMark10_+y.csv),30807,2.90006679890663,2.8080940246582,0.363527944250634,2.24590301513672,18.9268589019775,1.0327527402718
dynamic_motion,star_fast,Mark-10 (dataMark10_-x.csv),29733,3.00729310432757,2.88796424865723,0.365656044938246,2.53200531005859,18.510103225708,1.04131936734529
dynamic_motion,star_fast,Mark-10 (dataMark10_-y.csv),30022,2.97931361012595,2.89177894592285,0.365169516018956,2.24995613098145,18.5821056365967,1.03027017826743
dynamic_motion,star_slow,ATI force/torque,17995,5.00074026484594,0.207901000976562,7.04929886721062,0.0569820404052734,16.3981914520264,24.0534689172069
dynamic_motion,star_slow,FBG shape sensor,8995,10.0038402540409,8.93497467041016,9.02072524146635,0.0128746032714844,65.3491020202637,1.11962715318831
dynamic_motion,star_slow,OptiTrack motion capture,10978,8.33341647071859,8.32271575927734,0.52132059748079,6.75463676452637,10.0188255310059,1.00128572352472
dynamic_motion,star_slow,Motor encoders,37389,2.29063828977515,2.0301342010498,3.08190669933118,1.73497200012207,138.535022735596,1.12831865429913
dynamic_motion,star_slow,Mark-10 (dataMark10_+x.csv),30611,2.91116869845669,2.81810760498047,0.353696650951922,2.23088264465332,18.6760425567627,1.03302254793669
dynamic_motion,star_slow,Mark-10 (dataMark10_+y.csv),30532,2.9177663133542,2.82597541809082,0.351933336351819,2.25996971130371,18.6989307403564,1.03248113719453
dynamic_motion,star_slow,Mark-10 (dataMark10_-x.csv),29523,3.02098363741899,2.9141902923584,0.353047651458994,2.42495536804199,18.8429355621338,1.03664597515839
dynamic_motion,star_slow,Mark-10 (dataMark10_-y.csv),29820,2.99126783686944,2.90989875793457,0.356726900735195,2.2430419921875,18.9690589904785,1.02796285565365
contact_motion,plane_y_contact_midway,ATI force/torque,7997,5.00115794331726,0.158071517944336,7.12519607888063,0.0579357147216797,16.200065612793,31.638577324717
contact_motion,plane_y_contact_midway,FBG shape sensor,3999,10.0029624978075,15.1669979095459,7.41897193816845,0.0178813934326172,19.8600292205811,0.659521584789815
contact_motion,plane_y_contact_midway,OptiTrack motion capture,4979,8.3334948265258,8.32557678222656,0.575665186355166,0.774860382080078,22.6526260375977,1.00095105054056
contact_motion,plane_y_contact_midway,Motor encoders,17127,2.08968505652236,2.03180313110352,2.20224167645129,1.74522399902344,134.413003921509,1.02848795955315
contact_motion,plane_y_contact_midway,Mark-10 (dataMark10_+x.csv),14724,2.66920618310113,2.57992744445801,0.317955350323118,2.44903564453125,5.21397590637207,1.03460513544088
contact_motion,plane_y_contact_midway,Mark-10 (dataMark10_+y.csv),13360,2.93972485079737,2.8228759765625,0.363566223115243,2.53391265869141,18.0411338806152,1.04139355579382
contact_motion,plane_y_contact_midway,Mark-10 (dataMark10_-x.csv),15349,2.56449045890457,2.48599052429199,0.283892225256157,2.33197212219238,4.88996505737305,1.03157692430663
contact_motion,plane_y_contact_midway,Mark-10 (dataMark10_-y.csv),13141,2.99780177032283,2.88510322570801,0.347805549936864,2.35390663146973,5.63287734985352,1.03906222266524
contact_motion,plane_y_contact_midway,Resense/HEX12 (contact),4059,9.85478215336242,10.0047588348389,1.22236972871341,0.0131130218505859,10.1909637451172,0.985009465600091
contact_motion,plane_y_poke_x,ATI force/torque,7996,5.00185967326582,0.145912170410156,7.15575975540634,0.0557899475097656,16.4420604705811,34.279934697741
contact_motion,plane_y_poke_x,FBG shape sensor,3998,10.0051710878747,15.1745080947876,7.42590579161867,0.0188350677490234,20.4651355743408,0.659340719671267
contact_motion,plane_y_poke_x,OptiTrack motion capture,4978,8.33326566166646,8.32509994506836,0.521956912425418,6.84213638305664,9.86218452453613,1.00098085508306
contact_motion,plane_y_poke_x,Motor encoders,17078,2.08855814475312,2.02703475952148,2.20807026743242,1.7540454864502,138.206005096436,1.03035142093279
contact_motion,plane_y_poke_x,Mark-10 (dataMark10_+x.csv),14681,2.66962971871478,2.57992744445801,0.33968276114987,2.37488746643066,18.6901092529297,1.03476930114816
contact_motion,plane_y_poke_x,Mark-10 (dataMark10_+y.csv),13328,2.93715267765279,2.8228759765625,0.369542546671014,2.45094299316406,18.7158584594727,1.04048236693326
contact_motion,plane_y_poke_x,Mark-10 (dataMark10_-x.csv),15302,2.5646532459082,2.4869441986084,0.281371622114626,2.32195854187012,4.94885444641113,1.03124679972445
contact_motion,plane_y_poke_x,Mark-10 (dataMark10_-y.csv),13057,3.00594417700279,2.89011001586914,0.349658427990924,2.33197212219238,5.82218170166016,1.04007949887638
contact_motion,plane_y_poke_x,Resense/HEX12 (contact),4058,9.85896158476896,10.0057125091553,1.20690356013122,0.0374317169189453,10.326623916626,0.985333285935206
contact_motion,plane_y_poke_y,ATI force/torque,7996,5.00169159353465,0.159025192260742,7.1294186587002,0.0569820404052734,16.1168575286865,31.4521964880491
contact_motion,plane_y_poke_y,FBG shape sensor,3998,10.0054164240514,15.1710510253906,7.41782860542526,0.0162124633789062,18.8310146331787,0.659507136803252
contact_motion,plane_y_poke_y,OptiTrack motion capture,4978,8.33324640809699,8.33094120025635,0.523353475316787,6.80065155029297,9.83643531799316,1.00027670437052
contact_motion,plane_y_poke_y,Motor encoders,17011,2.10133220326591,2.04205513000488,2.22942699618963,1.77311897277832,136.893033981323,1.02902814541588
contact_motion,plane_y_poke_y,Mark-10 (dataMark10_+x.csv),14707,2.66965962513271,2.57992744445801,0.339812287114132,2.3949146270752,17.704963684082,1.03478089310901
contact_motion,plane_y_poke_y,Mark-10 (dataMark10_+y.csv),13419,2.92364960589524,2.81620025634766,0.332184319606403,2.52795219421387,5.46908378601074,1.03815401596722
contact_motion,plane_y_poke_y,Mark-10 (dataMark10_-x.csv),15333,2.56460418768345,2.48599052429199,0.305034590451819,2.32100486755371,17.5731182098389,1.03162267217967
contact_motion,plane_y_poke_y,Mark-10 (dataMark10_-y.csv),13155,2.99106354679005,2.87818908691406,0.371407687197916,2.32505798339844,17.9281234741211,1.03921718013218
contact_motion,plane_y_poke_y,Resense/HEX12 (contact),4062,9.84774775718715,10.004997253418,1.24991167533882,0.0126361846923828,10.4343891143799,0.984282904607785
contact_motion,push_retract,ATI force/torque,5997,5.002167416907,0.144004821777344,7.16612971951886,0.0560283660888672,16.2191390991211,34.7361106049714
contact_motion,push_retract,FBG shape sensor,2999,10.0042548088997,15.131950378418,7.42646254269642,0.0159740447998047,19.3500518798828,0.661134523885853
contact_motion,push_retract,OptiTrack motion capture,3774,8.33335539368517,8.32164287567139,0.502981401693223,6.78038597106934,9.91678237915039,1.00140747664719
contact_motion,push_retract,Resense/HEX12 (contact),3061,9.80319333442556,10.0028514862061,1.41143432527134,0.0157356262207031,10.368824005127,0.980039876423655
