timestamp,tension (N)
1765240398.426351,0.000000
1765240398.428877,0.000000
1765240398.431458,0.000000
1765240398.434049,0.000000
1765240398.436549,0.000000
1765240398.439056,0.000000
1765240398.441613,0.000000
1765240398.444075,0.000000
1765240398.446495,0.000000
1765240398.448972,0.000000
1765240398.451499,0.000000
1765240398.453932,0.000000
1765240398.456389,0.000000
1765240398.458789,0.000000
1765240398.461176,0.000000
1765240398.463583,0.000000
1765240398.465970,0.000000
1765240398.468366,0.000000
1765240398.470815,0.000000
1765240398.473269,0.000000
1765240398.475689,0.000000
1765240398.478102,0.000000
1765240398.480629,0.000000
1765240398.483116,0.000000
1765240398.485596,0.000000
1765240398.488091,0.000000
1765240398.490503,0.000000
1765240398.492938,0.000000
1765240398.495359,0.000000
1765240398.497729,0.000000
1765240398.500261,0.000000
1765240398.502811,0.000000
1765240398.505271,0.000000
1765240398.507801,0.000000
1765240398.510315,0.000000
1765240398.512775,0.000000
1765240398.515280,0.000000
1765240398.517772,0.000000
1765240398.520222,0.000000
1765240398.522885,0.000000
1765240398.525385,0.000000
1765240398.527894,0.000000
1765240398.530373,0.000000
1765240398.532804,0.000000
1765240398.535328,0.000000
1765240398.539457,0.000000
1765240398.542065,0.000000
1765240398.544544,0.000000
1765240398.547001,0.000000
1765240398.549475,0.000000
1765240398.552374,0.000000
1765240398.555363,0.000000
1765240398.558545,0.000000
1765240398.561096,0.000000
1765240398.563709,0.000000
1765240398.567152,0.000000
1765240398.570455,0.000000
1765240398.573046,0.000000
1765240398.575622,0.000000
1765240398.578681,0.000000
1765240398.581336,0.000000
1765240398.583990,0.000000
1765240398.586995,0.000000
1765240398.589522,0.000000
1765240398.592091,0.000000
1765240398.595280,0.000000
1765240398.597971,0.000000
1765240398.600781,0.000000
1765240398.603475,0.000000
1765240398.606039,0.000000
1765240398.608592,0.000000
1765240398.611140,0.000000
1765240398.613784,0.000000
1765240398.616365,0.000000
1765240398.618876,0.000000
1765240398.621298,0.000000
1765240398.623798,0.000000
1765240398.626330,0.000000
1765240398.628693,0.000000
1765240398.631218,0.000000
1765240398.633643,0.000000
1765240398.636075,0.000000
1765240398.638664,0.000000
1765240398.641125,0.000000
1765240398.643685,0.000000
1765240398.646113,0.000000
1765240398.648679,0.000000
1765240398.651109,0.000000
1765240398.653926,0.000000
1765240398.656444,0.000000
1765240398.658890,0.000000
1765240398.661361,0.000000
1765240398.663796,0.000000
1765240398.666188,0.000000
1765240398.668740,0.000000
1765240398.671221,0.000000
1765240398.673757,0.000000
1765240398.676126,0.000000
1765240398.678834,0.000000
1765240398.681392,0.000000
1765240398.683779,0.000000
1765240398.686339,0.000000
1765240398.688776,0.000000
1765240398.691171,0.000000
1765240398.694043,0.000000
1765240398.698677,0.000000
1765240398.701160,0.000000
1765240398.703686,0.000000
1765240398.706163,0.000000
1765240398.708575,0.000000
1765240398.711450,0.000000
1765240398.714476,0.000000
1765240398.717716,0.000000
1765240398.720098,0.000000
1765240398.722622,0.000000
1765240398.725082,0.000000
1765240398.727530,0.000000
1765240398.730685,0.000000
1765240398.733185,0.000000
1765240398.735565,0.000000
1765240398.738026,0.000000
1765240398.740641,0.000000
1765240398.743090,0.000000
1765240398.745567,0.000000
1765240398.748676,0.000000
1765240398.751074,0.000000
1765240398.754043,0.000000
1765240398.756898,0.000000
1765240398.759296,0.000000
1765240398.761736,0.000000
1765240398.764261,0.000000
1765240398.766695,0.000000
1765240398.769264,0.000000
1765240398.771668,0.000000
1765240398.774201,0.000000
1765240398.776683,0.000000
1765240398.779127,0.000000
1765240398.781683,0.000000
1765240398.784148,0.000000
1765240398.786752,0.000000
1765240398.789180,0.000000
1765240398.791590,0.000000
1765240398.794024,0.000000
1765240398.796536,0.000000
1765240398.799036,0.000000
1765240398.801436,0.000000
1765240398.803849,0.000000
1765240398.806283,0.000000
1765240398.808723,0.000000
1765240398.811170,0.000000
1765240398.813612,0.000000
1765240398.816097,0.000000
1765240398.818570,0.000000
1765240398.821009,0.000000
1765240398.823390,0.000000
1765240398.825796,0.000000
1765240398.828260,0.000000
1765240398.830717,0.000000
1765240398.833156,0.000000
1765240398.835681,0.000000
1765240398.838323,0.000000
1765240398.840781,0.000000
1765240398.843266,0.000000
1765240398.845799,0.000000
1765240398.848299,0.000000
1765240398.850827,0.000000
1765240398.853263,0.000000
1765240398.855731,0.000000
1765240398.858180,0.000000
1765240398.860677,0.000000
1765240398.863096,0.000000
1765240398.867365,0.000000
1765240398.869878,0.000000
1765240398.872433,0.000000
1765240398.874899,0.000000
1765240398.877373,0.000000
1765240398.880445,0.000000
1765240398.883199,0.000000
1765240398.886462,0.000000
1765240398.888878,0.000000
1765240398.891321,0.000000
1765240398.893802,0.000000
1765240398.896284,0.000000
1765240398.899513,0.000000
1765240398.901928,0.000000
1765240398.904363,0.000000
1765240398.906892,0.000000
1765240398.909418,0.000000
1765240398.911915,0.000000
1765240398.914362,0.000000
1765240398.917336,0.000000
1765240398.919799,0.000000
1765240398.922269,0.000000
1765240398.924690,0.000000
1765240398.927187,0.000000
1765240398.929607,0.000000
1765240398.932011,0.000000
1765240398.934493,0.000000
1765240398.937010,0.000000
1765240398.939519,0.000000
1765240398.941990,0.000000
1765240398.944438,0.000000
1765240398.946923,0.000000
1765240398.949398,0.000000
1765240398.951833,0.000000
1765240398.954286,0.000000
1765240398.956856,0.000000
1765240398.959342,0.000000
1765240398.961841,0.000000
1765240398.964257,0.000000
1765240398.966794,0.000000
1765240398.969351,0.000000
1765240398.971874,0.000000
1765240398.974375,0.000000
1765240398.976873,0.000000
1765240398.979339,0.000000
1765240398.981836,0.000000
1765240398.984419,0.000000
1765240398.986934,0.000000
1765240398.989380,0.000000
1765240398.991791,0.000000
1765240398.994312,0.000000
1765240398.996846,0.020000
1765240398.999467,0.020000
1765240399.002044,0.020000
1765240399.004676,0.020000
1765240399.007312,0.020000
1765240399.009986,0.020000
1765240399.012649,0.020000
1765240399.015294,0.020000
1765240399.017904,0.020000
1765240399.020526,0.020000
1765240399.023104,0.020000
1765240399.025820,0.020000
1765240399.028496,0.020000
1765240399.031113,0.020000
1765240399.035833,0.020000
1765240399.038446,0.020000
1765240399.041087,0.020000
1765240399.044611,0.020000
1765240399.047820,0.020000
1765240399.050942,0.020000
1765240399.054375,0.020000
1765240399.056974,0.020000
1765240399.059670,0.020000
1765240399.062345,0.020000
1765240399.065031,0.020000
1765240399.068322,0.020000
1765240399.070940,0.020000
1765240399.073539,0.020000
1765240399.076103,0.020000
1765240399.078782,0.020000
1765240399.081468,0.020000
1765240399.084058,0.020000
1765240399.087135,0.020000
1765240399.089792,0.020000
1765240399.092383,0.020000
1765240399.094992,0.020000
1765240399.097625,0.020000
1765240399.100210,0.020000
1765240399.102723,0.020000
1765240399.105376,0.040000
1765240399.107935,0.020000
1765240399.110626,0.040000
1765240399.113701,0.040000
1765240399.116324,0.040000
1765240399.118948,0.040000
1765240399.121515,0.040000
1765240399.124202,0.040000
1765240399.126778,0.040000
1765240399.130787,0.040000
1765240399.133349,0.040000
1765240399.135900,0.040000
1765240399.138489,0.040000
1765240399.141102,0.040000
1765240399.143679,0.040000
1765240399.146309,0.040000
1765240399.148937,0.040000
1765240399.151565,0.040000
1765240399.154204,0.040000
1765240399.156826,0.040000
1765240399.159543,0.040000
1765240399.162202,0.040000
1765240399.164845,0.040000
1765240399.168262,0.040000
1765240399.170917,0.040000
1765240399.173446,0.040000
1765240399.176081,0.040000
1765240399.178689,0.040000
1765240399.182638,0.040000
1765240399.185294,0.040000
1765240399.187946,0.040000
1765240399.190635,0.040000
1765240399.193285,0.040000
1765240399.196297,0.040000
1765240399.199427,0.040000
1765240399.202881,0.040000
1765240399.205540,0.040000
1765240399.208184,0.040000
1765240399.210788,0.040000
1765240399.213444,0.040000
1765240399.216616,0.020000
1765240399.219269,0.040000
1765240399.221934,0.040000
1765240399.224520,0.040000
1765240399.227145,0.040000
1765240399.229863,0.040000
1765240399.232478,0.040000
1765240399.235601,0.040000
1765240399.238275,0.040000
1765240399.240888,0.040000
1765240399.243540,0.040000
1765240399.246272,0.040000
1765240399.248890,0.040000
1765240399.251863,0.040000
1765240399.254534,0.040000
1765240399.257252,0.040000
1765240399.259952,0.040000
1765240399.262617,0.040000
1765240399.265168,0.040000
1765240399.267837,0.020000
1765240399.270505,0.020000
1765240399.273178,0.020000
1765240399.275778,0.020000
1765240399.278448,0.020000
1765240399.281079,0.020000
1765240399.283642,0.020000
1765240399.286301,0.020000
1765240399.288828,0.020000
1765240399.291425,0.020000
1765240399.294078,0.020000
1765240399.296768,0.020000
1765240399.299343,0.020000
1765240399.301972,0.020000
1765240399.304630,0.020000
1765240399.307361,0.020000
1765240399.309956,0.020000
1765240399.312634,0.020000
1765240399.315303,0.020000
1765240399.318023,0.020000
1765240399.320632,0.020000
1765240399.323256,0.020000
1765240399.325882,0.020000
1765240399.328564,0.020000
1765240399.331312,0.020000
1765240399.333956,0.020000
1765240399.336511,0.020000
1765240399.339319,0.020000
1765240399.341867,0.020000
1765240399.344488,0.020000
1765240399.347126,0.020000
1765240399.352056,0.020000
1765240399.354704,0.020000
1765240399.357307,0.020000
1765240399.359969,0.020000
1765240399.362673,0.020000
1765240399.365696,0.020000
1765240399.368789,0.020000
1765240399.372212,0.020000
1765240399.374844,0.020000
1765240399.377499,0.020000
1765240399.380182,0.020000
1765240399.382787,0.020000
1765240399.386000,0.020000
1765240399.388655,0.020000
1765240399.391336,0.020000
1765240399.394041,0.020000
1765240399.396699,0.020000
1765240399.399332,0.020000
1765240399.402065,0.020000
1765240399.404960,0.020000
1765240399.407534,0.020000
1765240399.410290,0.040000
1765240399.412847,0.040000
1765240399.415509,0.040000
1765240399.418066,0.040000
1765240399.420622,0.040000
1765240399.423199,0.040000
1765240399.425985,0.040000
1765240399.428556,0.040000
1765240399.431307,0.040000
1765240399.433928,0.040000
1765240399.436579,0.040000
1765240399.439199,0.040000
1765240399.441831,0.040000
1765240399.444501,0.040000
1765240399.448635,0.040000
1765240399.451300,0.040000
1765240399.453940,0.040000
1765240399.456518,0.060000
1765240399.459096,0.060000
1765240399.461723,0.060000
1765240399.464441,0.060000
1765240399.467044,0.060000
1765240399.469634,0.060000
1765240399.472388,0.060000
1765240399.475057,0.060000
1765240399.477679,0.060000
1765240399.480326,0.060000
1765240399.482943,0.060000
1765240399.486078,0.060000
1765240399.488751,0.060000
1765240399.491391,0.060000
1765240399.494018,0.060000
1765240399.496691,0.060000
1765240399.499668,0.060000
1765240399.502319,0.060000
1765240399.504944,0.060000
1765240399.507509,0.060000
1765240399.510084,0.060000
1765240399.514129,0.060000
1765240399.516792,0.060000
1765240399.519402,0.060000
1765240399.522111,0.060000
1765240399.524777,0.060000
1765240399.527710,0.060000
1765240399.530770,0.060000
1765240399.534290,0.080000
1765240399.536909,0.060000
1765240399.539515,0.080000
1765240399.542218,0.080000
1765240399.544825,0.080000
1765240399.548072,0.080000
1765240399.550774,0.080000
1765240399.553373,0.080000
1765240399.555998,0.080000
1765240399.558595,0.080000
1765240399.561137,0.080000
1765240399.563753,0.080000
1765240399.567034,0.080000
1765240399.569569,0.080000
1765240399.572157,0.080000
1765240399.574818,0.080000
1765240399.577448,0.080000
1765240399.580076,0.080000
1765240399.582764,0.080000
1765240399.585365,0.080000
1765240399.588004,0.080000
1765240399.590607,0.080000
1765240399.593252,0.080000
1765240399.595914,0.080000
1765240399.598559,0.080000
1765240399.601202,0.080000
1765240399.603779,0.080000
1765240399.606406,0.080000
1765240399.609016,0.080000
1765240399.612022,0.080000
1765240399.614680,0.080000
1765240399.617309,0.080000
1765240399.619936,0.080000
1765240399.622567,0.080000
1765240399.625305,0.080000
1765240399.627960,0.080000
1765240399.630533,0.080000
1765240399.633117,0.080000
1765240399.635799,0.080000
1765240399.638394,0.080000
1765240399.641078,0.080000
1765240399.643712,0.080000
1765240399.646304,0.080000
1765240399.649518,0.080000
1765240399.652298,0.080000
1765240399.654923,0.080000
1765240399.657588,0.080000
1765240399.660271,0.080000
1765240399.662840,0.080000
1765240399.665409,0.080000
1765240399.668077,0.080000
1765240399.670736,0.080000
1765240399.673398,0.080000
1765240399.676068,0.080000
1765240399.678758,0.080000
1765240399.681371,0.080000
1765240399.683961,0.080000
1765240399.687072,0.080000
1765240399.689721,0.080000
1765240399.692262,0.080000
1765240399.694881,0.080000
1765240399.697533,0.080000
1765240399.701479,0.080000
1765240399.704167,0.080000
1765240399.706889,0.080000
1765240399.709428,0.080000
1765240399.711982,0.080000
1765240399.715024,0.080000
1765240399.718302,0.080000
1765240399.721618,0.080000
1765240399.724299,0.080000
1765240399.726903,0.080000
1765240399.729443,0.080000
1765240399.732020,0.080000
1765240399.735450,0.080000
1765240399.738083,0.080000
1765240399.740712,0.080000
1765240399.743295,0.080000
1765240399.745946,0.080000
1765240399.748561,0.080000
1765240399.751172,0.080000
1765240399.754571,0.080000
1765240399.757286,0.080000
1765240399.759870,0.080000
1765240399.763179,0.080000
1765240399.765804,0.080000
1765240399.768373,0.080000
1765240399.771008,0.080000
1765240399.773611,0.080000
1765240399.776262,0.080000
1765240399.778888,0.080000
1765240399.781571,0.080000
1765240399.784194,0.080000
1765240399.786779,0.080000
1765240399.789429,0.080000
1765240399.792095,0.080000
1765240399.794747,0.080000
1765240399.797403,0.080000
1765240399.800075,0.080000
1765240399.802755,0.080000
1765240399.805382,0.080000
1765240399.808022,0.080000
1765240399.810616,0.080000
1765240399.813300,0.080000
1765240399.816016,0.080000
1765240399.818623,0.080000
1765240399.821284,0.080000
1765240399.823884,0.080000
1765240399.826500,0.080000
1765240399.829019,0.080000
1765240399.831751,0.080000
1765240399.834363,0.080000
1765240399.837106,0.080000
1765240399.839725,0.080000
1765240399.842349,0.080000
1765240399.845054,0.080000
1765240399.847646,0.080000
1765240399.850271,0.080000
1765240399.852892,0.080000
1765240399.855497,0.080000
1765240399.858121,0.080000
1765240399.860812,0.080000
1765240399.863459,0.080000
1765240399.865996,0.080000
1765240399.870764,0.080000
1765240399.873381,0.080000
1765240399.875989,0.080000
1765240399.878651,0.080000
1765240399.881285,0.080000
1765240399.884418,0.080000
1765240399.887506,0.080000
1765240399.890895,0.080000
1765240399.893512,0.080000
1765240399.896063,0.080000
1765240399.898938,0.080000
1765240399.901616,0.080000
1765240399.904841,0.080000
1765240399.907422,0.080000
1765240399.910080,0.080000
1765240399.912698,0.080000
1765240399.915262,0.080000
1765240399.917941,0.080000
1765240399.920573,0.080000
1765240399.923715,0.080000
1765240399.926369,0.080000
1765240399.928936,0.080000
1765240399.931597,0.080000
1765240399.934190,0.080000
1765240399.936902,0.080000
1765240399.939614,0.080000
1765240399.942303,0.080000
1765240399.944961,0.080000
1765240399.947688,0.080000
1765240399.950310,0.080000
1765240399.952955,0.080000
1765240399.955698,0.080000
1765240399.958350,0.080000
1765240399.960976,0.080000
1765240399.963590,0.080000
1765240399.967256,0.080000
1765240399.969913,0.080000
1765240399.972623,0.080000
1765240399.975230,0.080000
1765240399.977807,0.080000
1765240399.980483,0.080000
1765240399.983109,0.080000
1765240399.985794,0.080000
1765240399.988495,0.080000
1765240399.991093,0.080000
1765240399.993765,0.080000
1765240399.996310,0.080000
1765240399.998889,0.080000
1765240400.001541,0.080000
1765240400.004303,0.080000
1765240400.006967,0.080000
1765240400.009599,0.080000
1765240400.012281,0.080000
1765240400.015187,0.080000
1765240400.017888,0.080000
1765240400.020558,0.080000
1765240400.023428,0.080000
1765240400.028117,0.080000
1765240400.030933,0.080000
1765240400.033534,0.080000
1765240400.036143,0.080000
1765240400.038843,0.080000
1765240400.041767,0.080000
1765240400.044845,0.080000
1765240400.048306,0.080000
1765240400.051026,0.080000
1765240400.053622,0.080000
1765240400.056286,0.080000
1765240400.058926,0.080000
1765240400.062135,0.080000
1765240400.064795,0.080000
1765240400.067501,0.080000
1765240400.070127,0.080000
1765240400.072744,0.080000
1765240400.075380,0.080000
1765240400.077965,0.080000
1765240400.081101,0.080000
1765240400.083682,0.080000
1765240400.086410,0.080000
1765240400.088956,0.080000
1765240400.091593,0.080000
1765240400.094169,0.080000
1765240400.096724,0.080000
1765240400.099358,0.080000
1765240400.101989,0.080000
1765240400.104605,0.080000
1765240400.107302,0.080000
1765240400.109965,0.080000
1765240400.112617,0.080000
1765240400.115337,0.080000
1765240400.117920,0.080000
1765240400.120542,0.080000
1765240400.124651,0.080000
1765240400.127280,0.080000
1765240400.129868,0.080000
1765240400.132388,0.080000
1765240400.135058,0.080000
1765240400.137827,0.080000
1765240400.140472,0.080000
1765240400.143060,0.080000
1765240400.145632,0.080000
1765240400.148150,0.080000
1765240400.150848,0.080000
1765240400.153457,0.080000
1765240400.156091,0.080000
1765240400.158773,0.080000
1765240400.161398,0.080000
1765240400.164072,0.080000
1765240400.166700,0.080000
1765240400.169330,0.080000
1765240400.171990,0.080000
1765240400.174699,0.080000
1765240400.177274,0.080000
1765240400.179879,0.080000
1765240400.182451,0.080000
1765240400.186976,0.080000
1765240400.189680,0.080000
1765240400.192286,0.080000
1765240400.194914,0.080000
1765240400.197509,0.080000
1765240400.200679,0.080000
1765240400.203655,0.080000
1765240400.207124,0.080000
1765240400.209776,0.080000
1765240400.212368,0.080000
1765240400.214953,0.080000
1765240400.217570,0.080000
1765240400.220959,0.080000
1765240400.223520,0.080000
1765240400.226218,0.080000
1765240400.228877,0.080000
1765240400.231495,0.080000
1765240400.234148,0.080000
1765240400.236779,0.080000
1765240400.240016,0.080000
1765240400.242620,0.080000
1765240400.245179,0.080000
1765240400.247749,0.080000
1765240400.250372,0.080000
1765240400.253040,0.080000
1765240400.255640,0.080000
1765240400.258185,0.080000
1765240400.260844,0.080000
1765240400.263407,0.080000
1765240400.266111,0.080000
1765240400.268824,0.080000
1765240400.271537,0.080000
1765240400.274312,0.080000
1765240400.276968,0.080000
1765240400.279603,0.080000
1765240400.282296,0.080000
1765240400.284977,0.080000
1765240400.287662,0.080000
1765240400.290281,0.080000
1765240400.292897,0.080000
1765240400.295579,0.080000
1765240400.298153,0.080000
1765240400.300862,0.080000
1765240400.303450,0.080000
1765240400.306050,0.080000
1765240400.308730,0.080000
1765240400.311447,0.080000
1765240400.314127,0.080000
1765240400.316846,0.080000
1765240400.319402,0.080000
1765240400.321935,0.080000
1765240400.324567,0.080000
1765240400.327201,0.080000
1765240400.329830,0.080000
1765240400.332454,0.080000
1765240400.334963,0.080000
1765240400.337553,0.080000
1765240400.340138,0.080000
1765240400.343008,0.080000
1765240400.345674,0.080000
1765240400.348360,0.080000
1765240400.350959,0.080000
1765240400.353530,0.080000
1765240400.357845,0.080000
1765240400.360467,0.080000
1765240400.363122,0.080000
1765240400.365742,0.080000
1765240400.368282,0.080000
1765240400.371467,0.080000
1765240400.374555,0.080000
1765240400.378022,0.080000
1765240400.380612,0.080000
1765240400.383271,0.080000
1765240400.385823,0.080000
1765240400.388430,0.080000
1765240400.391850,0.080000
1765240400.394595,0.080000
1765240400.397313,0.080000
1765240400.400641,0.080000
1765240400.403295,0.080000
1765240400.405856,0.080000
1765240400.408416,0.080000
1765240400.411048,0.080000
1765240400.413583,0.080000
1765240400.416161,0.080000
1765240400.418772,0.080000
1765240400.421378,0.080000
1765240400.423966,0.080000
1765240400.426576,0.080000
1765240400.429186,0.080000
1765240400.431857,0.080000
1765240400.434549,0.080000
1765240400.437324,0.080000
1765240400.440030,0.080000
1765240400.442705,0.080000
1765240400.445360,0.080000
1765240400.447968,0.080000
1765240400.450597,0.080000
1765240400.453298,0.080000
1765240400.456060,0.080000
1765240400.458702,0.080000
1765240400.461348,0.080000
1765240400.464041,0.080000
1765240400.466583,0.080000
1765240400.469328,0.080000
1765240400.472042,0.080000
1765240400.474723,0.080000
1765240400.477292,0.080000
1765240400.479938,0.080000
1765240400.482585,0.080000
1765240400.485159,0.080000
1765240400.487826,0.080000
1765240400.490473,0.080000
1765240400.493132,0.080000
1765240400.495845,0.080000
1765240400.498602,0.080000
1765240400.501275,0.080000
1765240400.504006,0.080000
1765240400.506700,0.080000
1765240400.509278,0.080000
1765240400.511962,0.080000
1765240400.514564,0.080000
1765240400.517329,0.080000
1765240400.519963,0.080000
1765240400.522565,0.080000
1765240400.527145,0.080000
1765240400.529792,0.080000
1765240400.532364,0.080000
1765240400.534993,0.080000
1765240400.537610,0.080000
1765240400.540669,0.080000
1765240400.543796,0.080000
1765240400.547324,0.080000
1765240400.550020,0.080000
1765240400.552610,0.080000
1765240400.555269,0.080000
1765240400.557819,0.080000
1765240400.561078,0.080000
1765240400.563788,0.080000
1765240400.566451,0.080000
1765240400.569035,0.080000
1765240400.571613,0.080000
1765240400.574168,0.080000
1765240400.576798,0.080000
1765240400.580098,0.080000
1765240400.582786,0.080000
1765240400.585437,0.080000
1765240400.588827,0.080000
1765240400.591499,0.080000
1765240400.594046,0.080000
1765240400.596706,0.080000
1765240400.599307,0.080000
1765240400.602017,0.080000
1765240400.604934,0.080000
1765240400.607473,0.080000
1765240400.610099,0.080000
1765240400.612743,0.080000
1765240400.615367,0.080000
1765240400.617957,0.080000
1765240400.620590,0.080000
1765240400.623154,0.080000
1765240400.625799,0.080000
1765240400.628450,0.080000
1765240400.631082,0.080000
1765240400.633687,0.080000
1765240400.636369,0.080000
1765240400.639053,0.080000
1765240400.641693,0.080000
1765240400.644387,0.080000
1765240400.646940,0.080000
1765240400.649577,0.080000
1765240400.652272,0.080000
1765240400.654780,0.080000
1765240400.657387,0.080000
1765240400.660129,0.080000
1765240400.662858,0.080000
1765240400.665550,0.080000
1765240400.668323,0.080000
1765240400.670903,0.080000
1765240400.673563,0.080000
1765240400.676313,0.080000
1765240400.679036,0.080000
1765240400.681723,0.080000
1765240400.684272,0.080000
1765240400.686951,0.080000
1765240400.689527,0.080000
1765240400.692265,0.080000
1765240400.696442,0.080000
1765240400.699059,0.080000
1765240400.701564,0.080000
1765240400.704185,0.080000
1765240400.706818,0.080000
1765240400.709905,0.080000
1765240400.713085,0.080000
1765240400.716505,0.080000
1765240400.719051,0.080000
1765240400.721668,0.080000
1765240400.724298,0.080000
1765240400.726974,0.080000
1765240400.730371,0.080000
1765240400.733092,0.080000
1765240400.735727,0.080000
1765240400.738300,0.080000
1765240400.740953,0.080000
1765240400.743528,0.080000
1765240400.746136,0.080000
1765240400.749269,0.080000
1765240400.751934,0.080000
1765240400.754549,0.080000
1765240400.757209,0.080000
1765240400.759856,0.080000
1765240400.762421,0.080000
1765240400.765025,0.080000
1765240400.767600,0.080000
1765240400.770189,0.080000
1765240400.772827,0.080000
1765240400.775523,0.080000
1765240400.778142,0.080000
1765240400.780771,0.080000
1765240400.783350,0.080000
1765240400.785963,0.080000
1765240400.788682,0.080000
1765240400.791365,0.080000
1765240400.793965,0.080000
1765240400.796494,0.080000
1765240400.799114,0.080000
1765240400.801789,0.080000
1765240400.804404,0.080000
1765240400.807078,0.080000
1765240400.809788,0.080000
1765240400.812397,0.080000
1765240400.815053,0.080000
1765240400.817861,0.080000
1765240400.820584,0.080000
1765240400.823143,0.080000
1765240400.825854,0.080000
1765240400.828395,0.080000
1765240400.831108,0.080000
1765240400.833699,0.080000
1765240400.836360,0.080000
1765240400.839092,0.080000
1765240400.841737,0.080000
1765240400.844362,0.080000
1765240400.846965,0.080000
1765240400.849509,0.080000
1765240400.852103,0.080000
1765240400.854875,0.080000
1765240400.857469,0.080000
1765240400.860150,0.080000
1765240400.862796,0.080000
1765240400.867210,0.080000
1765240400.869875,0.080000
1765240400.872492,0.080000
1765240400.875098,0.080000
1765240400.877793,0.080000
1765240400.880772,0.080000
1765240400.883851,0.080000
1765240400.887324,0.080000
1765240400.889989,0.080000
1765240400.892631,0.080000
1765240400.895318,0.080000
1765240400.897982,0.080000
1765240400.901136,0.080000
1765240400.903756,0.080000
1765240400.906399,0.080000
1765240400.909020,0.080000
1765240400.911692,0.080000
1765240400.914267,0.080000
1765240400.916869,0.080000
1765240400.920183,0.080000
1765240400.922790,0.080000
1765240400.925389,0.080000
1765240400.928058,0.080000
1765240400.930710,0.080000
1765240400.933446,0.080000
1765240400.936079,0.080000
1765240400.938806,0.080000
1765240400.941481,0.080000
1765240400.944034,0.080000
1765240400.946575,0.080000
1765240400.949284,0.080000
1765240400.951945,0.080000
1765240400.954600,0.080000
1765240400.957274,0.080000
1765240400.959828,0.080000
1765240400.962503,0.080000
1765240400.965170,0.080000
1765240400.967736,0.080000
1765240400.970390,0.080000
1765240400.972982,0.080000
1765240400.975546,0.080000
1765240400.978107,0.080000
1765240400.980772,0.080000
1765240400.983378,0.080000
1765240400.985914,0.080000
1765240400.988565,0.080000
1765240400.991296,0.080000
1765240400.994005,0.080000
1765240400.996588,0.080000
1765240400.999128,0.080000
1765240401.001796,0.080000
1765240401.004445,0.080000
1765240401.007010,0.080000
1765240401.009543,0.080000
1765240401.012276,0.080000
1765240401.014914,0.080000
1765240401.017606,0.080000
1765240401.020377,0.080000
1765240401.022965,0.080000
1765240401.025547,0.080000
1765240401.028189,0.080000
1765240401.030867,0.080000
1765240401.033563,0.080000
1765240401.037851,0.080000
1765240401.040471,0.080000
1765240401.043069,0.080000
1765240401.045707,0.080000
1765240401.048310,0.080000
1765240401.051544,0.080000
1765240401.054652,0.080000
1765240401.058009,0.080000
1765240401.060610,0.080000
1765240401.063234,0.080000
1765240401.065940,0.080000
1765240401.068561,0.080000
1765240401.072206,0.080000
1765240401.074867,0.080000
1765240401.077523,0.080000
1765240401.080604,0.080000
1765240401.083244,0.080000
1765240401.085868,0.080000
1765240401.088623,0.080000
1765240401.091203,0.080000
1765240401.093798,0.080000
1765240401.096472,0.080000
1765240401.099555,0.080000
1765240401.102158,0.080000
1765240401.104843,0.080000
1765240401.107548,0.080000
1765240401.110190,0.080000
1765240401.112812,0.080000
1765240401.115459,0.080000
1765240401.118111,0.080000
1765240401.120728,0.080000
1765240401.123358,0.080000
1765240401.125957,0.080000
1765240401.128611,0.080000
1765240401.131187,0.080000
1765240401.133787,0.080000
1765240401.136491,0.080000
1765240401.139065,0.080000
1765240401.141842,0.080000
1765240401.144530,0.080000
1765240401.147086,0.080000
1765240401.149794,0.080000
1765240401.152425,0.080000
1765240401.155007,0.080000
1765240401.158296,0.080000
1765240401.160999,0.080000
1765240401.163629,0.080000
1765240401.166215,0.080000
1765240401.168810,0.080000
1765240401.171471,0.080000
1765240401.174131,0.080000
1765240401.176774,0.080000
1765240401.179317,0.080000
1765240401.181904,0.080000
1765240401.184586,0.080000
1765240401.187172,0.080000
1765240401.189840,0.080000
1765240401.192412,0.080000
1765240401.196712,0.080000
1765240401.199366,0.080000
1765240401.201927,0.080000
1765240401.204612,0.080000
1765240401.207195,0.080000
1765240401.210355,0.080000
1765240401.213370,0.080000
1765240401.216810,0.080000
1765240401.219389,0.080000
1765240401.222026,0.080000
1765240401.224683,0.080000
1765240401.227312,0.080000
1765240401.230633,0.080000
1765240401.233313,0.080000
1765240401.236084,0.080000
1765240401.238739,0.080000
1765240401.241330,0.080000
1765240401.243898,0.080000
1765240401.246542,0.080000
1765240401.249710,0.080000
1765240401.252372,0.080000
1765240401.254966,0.080000
1765240401.257525,0.080000
1765240401.260566,0.080000
1765240401.263291,0.080000
1765240401.265872,0.080000
1765240401.268538,0.080000
1765240401.271134,0.080000
1765240401.273779,0.080000
1765240401.276404,0.080000
1765240401.278980,0.080000
1765240401.281610,0.080000
1765240401.284185,0.080000
1765240401.286720,0.080000
1765240401.289287,0.080000
1765240401.291946,0.080000
1765240401.294545,0.080000
1765240401.297220,0.080000
1765240401.299902,0.080000
1765240401.302516,0.080000
1765240401.305065,0.080000
1765240401.307714,0.080000
1765240401.310371,0.080000
1765240401.312998,0.080000
1765240401.315707,0.080000
1765240401.318316,0.080000
1765240401.320935,0.080000
1765240401.323603,0.080000
1765240401.326191,0.080000
1765240401.328802,0.080000
1765240401.331444,0.080000
1765240401.334094,0.080000
1765240401.336764,0.080000
1765240401.339402,0.080000
1765240401.342075,0.080000
1765240401.344805,0.080000
1765240401.347462,0.080000
1765240401.350027,0.080000
1765240401.352657,0.080000
1765240401.355595,0.080000
1765240401.358301,0.080000
1765240401.360905,0.080000
1765240401.365925,0.080000
1765240401.368567,0.080000
1765240401.371221,0.080000
1765240401.373895,0.080000
1765240401.376517,0.080000
1765240401.379559,0.080000
1765240401.382619,0.080000
1765240401.386096,0.080000
1765240401.388741,0.080000
1765240401.391285,0.080000
1765240401.393946,0.080000
1765240401.396547,0.080000
1765240401.399959,0.080000
1765240401.402679,0.080000
1765240401.405186,0.080000
1765240401.407750,0.080000
1765240401.410437,0.080000
1765240401.413038,0.080000
1765240401.415712,0.080000
1765240401.418932,0.080000
1765240401.421435,0.080000
1765240401.424066,0.080000
1765240401.426687,0.080000
1765240401.429379,0.080000
1765240401.431928,0.080000
1765240401.434494,0.080000
1765240401.437089,0.080000
1765240401.439808,0.080000
1765240401.442377,0.080000
1765240401.445065,0.080000
1765240401.447706,0.080000
1765240401.450359,0.080000
1765240401.452970,0.080000
1765240401.455698,0.080000
1765240401.458319,0.080000
1765240401.460892,0.080000
1765240401.463526,0.080000
1765240401.466095,0.080000
1765240401.468790,0.080000
1765240401.471372,0.080000
1765240401.474024,0.080000
1765240401.476694,0.080000
1765240401.479281,0.080000
1765240401.481944,0.080000
1765240401.484612,0.080000
1765240401.487309,0.080000
1765240401.490029,0.080000
1765240401.492668,0.080000
1765240401.495294,0.080000
1765240401.497984,0.080000
1765240401.500676,0.080000
1765240401.503372,0.080000
1765240401.506029,0.080000
1765240401.508685,0.080000
1765240401.512751,0.080000
1765240401.515430,0.080000
1765240401.517979,0.080000
1765240401.520510,0.080000
1765240401.523112,0.080000
1765240401.526308,0.080000
1765240401.529425,0.080000
1765240401.532896,0.080000
1765240401.535503,0.080000
1765240401.538107,0.080000
1765240401.540810,0.080000
1765240401.543327,0.080000
1765240401.546700,0.080000
1765240401.549352,0.080000
1765240401.551948,0.080000
1765240401.554551,0.080000
1765240401.557153,0.080000
1765240401.559777,0.080000
1765240401.562388,0.080000
1765240401.565629,0.080000
1765240401.568186,0.080000
1765240401.570784,0.080000
1765240401.573349,0.080000
1765240401.575945,0.080000
1765240401.578619,0.080000
1765240401.581173,0.080000
1765240401.583785,0.080000
1765240401.586431,0.080000
1765240401.589100,0.080000
1765240401.591720,0.080000
1765240401.594294,0.080000
1765240401.596906,0.080000
1765240401.599437,0.080000
1765240401.602074,0.080000
1765240401.604703,0.080000
1765240401.607320,0.080000
1765240401.609784,0.080000
1765240401.612325,0.080000
1765240401.614892,0.080000
1765240401.617944,0.080000
1765240401.620656,0.080000
1765240401.623319,0.080000
1765240401.625914,0.080000
1765240401.628556,0.080000
1765240401.631048,0.080000
1765240401.633710,0.080000
1765240401.636318,0.080000
1765240401.638983,0.080000
1765240401.641585,0.080000
1765240401.644194,0.080000
1765240401.646813,0.080000
1765240401.649500,0.080000
1765240401.652078,0.080000
1765240401.654682,0.080000
1765240401.657301,0.080000
1765240401.659903,0.080000
1765240401.662569,0.080000
1765240401.665277,0.080000
1765240401.667853,0.080000
1765240401.670552,0.080000
1765240401.673127,0.080000
1765240401.675858,0.080000
1765240401.678523,0.080000
1765240401.683504,0.080000
1765240401.686051,0.080000
1765240401.688682,0.080000
1765240401.691368,0.080000
1765240401.693883,0.080000
1765240401.697088,0.080000
1765240401.700169,0.080000
1765240401.703609,0.080000
1765240401.706177,0.080000
1765240401.708788,0.080000
1765240401.711366,0.080000
1765240401.714040,0.080000
1765240401.717473,0.080000
1765240401.720096,0.080000
1765240401.722708,0.080000
1765240401.725307,0.080000
1765240401.727857,0.080000
1765240401.730423,0.080000
1765240401.732970,0.080000
1765240401.735606,0.080000
1765240401.738198,0.080000
1765240401.740830,0.080000
1765240401.743412,0.080000
1765240401.746617,0.080000
1765240401.749182,0.080000
1765240401.751799,0.080000
1765240401.754470,0.080000
1765240401.757067,0.080000
1765240401.759717,0.080000
1765240401.762322,0.080000
1765240401.764957,0.080000
1765240401.767603,0.080000
1765240401.770297,0.080000
1765240401.772910,0.080000
1765240401.775522,0.080000
1765240401.778143,0.080000
1765240401.780856,0.080000
1765240401.783442,0.080000
1765240401.786096,0.080000
1765240401.788746,0.080000
1765240401.791368,0.080000
1765240401.793956,0.080000
1765240401.796524,0.080000
1765240401.799145,0.080000
1765240401.801832,0.080000
1765240401.804472,0.080000
1765240401.807093,0.080000
1765240401.809825,0.080000
1765240401.812449,0.080000
1765240401.815083,0.080000
1765240401.817708,0.080000
1765240401.820378,0.080000
1765240401.823057,0.080000
1765240401.825675,0.080000
1765240401.828286,0.080000
1765240401.830892,0.080000
1765240401.833488,0.080000
1765240401.836165,0.080000
1765240401.838819,0.080000
1765240401.841501,0.080000
1765240401.844110,0.080000
1765240401.846706,0.080000
1765240401.849338,0.080000
1765240401.854173,0.080000
1765240401.856739,0.080000
1765240401.859332,0.080000
1765240401.861928,0.080000
1765240401.864641,0.080000
1765240401.867824,0.080000
1765240401.870986,0.080000
1765240401.874412,0.080000
1765240401.877073,0.080000
1765240401.879759,0.080000
1765240401.882355,0.080000
1765240401.885046,0.080000
1765240401.888177,0.080000
1765240401.890783,0.080000
1765240401.893322,0.080000
1765240401.895945,0.080000
1765240401.898593,0.080000
1765240401.901148,0.080000
1765240401.903782,0.080000
1765240401.906385,0.080000
1765240401.908943,0.080000
1765240401.911484,0.080000
1765240401.914066,0.080000
1765240401.917371,0.080000
1765240401.919917,0.080000
1765240401.922657,0.080000
1765240401.925323,0.080000
1765240401.927968,0.080000
1765240401.930579,0.080000
1765240401.933279,0.080000
1765240401.935894,0.080000
1765240401.938531,0.080000
1765240401.941279,0.080000
1765240401.943899,0.080000
1765240401.946465,0.080000
1765240401.949006,0.080000
1765240401.951565,0.080000
1765240401.954138,0.080000
1765240401.956861,0.080000
1765240401.959566,0.080000
1765240401.962148,0.080000
1765240401.964793,0.080000
1765240401.967393,0.080000
1765240401.969942,0.080000
1765240401.972584,0.080000
1765240401.975253,0.080000
1765240401.977895,0.080000
1765240401.980497,0.080000
1765240401.983091,0.080000
1765240401.985792,0.080000
1765240401.988409,0.080000
1765240401.991001,0.080000
1765240401.993626,0.080000
1765240401.996325,0.080000
1765240401.998897,0.080000
1765240402.001445,0.080000
1765240402.004100,0.080000
1765240402.006777,0.080000
1765240402.009398,0.080000
1765240402.012068,0.080000
1765240402.014623,0.080000
1765240402.017222,0.080000
1765240402.019891,0.080000
1765240402.022475,0.080000
1765240402.026442,0.080000
1765240402.029081,0.080000
1765240402.031799,0.080000
1765240402.034403,0.080000
1765240402.037029,0.080000
1765240402.039996,0.080000
1765240402.043196,0.080000
1765240402.046584,0.080000
1765240402.049121,0.080000
1765240402.051777,0.080000
1765240402.054416,0.080000
1765240402.057025,0.080000
1765240402.060374,0.080000
1765240402.062977,0.080000
1765240402.065588,0.080000
1765240402.068184,0.080000
1765240402.070743,0.080000
1765240402.073336,0.080000
1765240402.075851,0.080000
1765240402.078437,0.080000
1765240402.080976,0.080000
1765240402.083727,0.080000
1765240402.086420,0.080000
1765240402.089656,0.080000
1765240402.092309,0.080000
1765240402.094872,0.080000
1765240402.097606,0.080000
1765240402.100188,0.080000
1765240402.102800,0.080000
1765240402.105469,0.080000
1765240402.108057,0.080000
1765240402.110695,0.080000
1765240402.113275,0.080000
1765240402.115895,0.080000
1765240402.118523,0.080000
1765240402.121118,0.080000
1765240402.123857,0.080000
1765240402.126451,0.080000
1765240402.129138,0.080000
1765240402.131809,0.080000
1765240402.134485,0.080000
1765240402.137070,0.080000
1765240402.139824,0.080000
1765240402.142440,0.080000
1765240402.145159,0.080000
1765240402.147775,0.080000
1765240402.150462,0.080000
1765240402.152993,0.080000
1765240402.155562,0.080000
1765240402.158204,0.080000
1765240402.160824,0.080000
1765240402.163448,0.080000
1765240402.166022,0.080000
1765240402.168621,0.080000
1765240402.171350,0.080000
1765240402.174035,0.080000
1765240402.176660,0.080000
1765240402.179275,0.080000
1765240402.181975,0.080000
1765240402.184642,0.080000
1765240402.187279,0.080000
1765240402.189938,0.080000
1765240402.192515,0.080000
1765240402.197211,0.080000
1765240402.199772,0.080000
1765240402.202426,0.080000
1765240402.205072,0.080000
1765240402.207742,0.080000
1765240402.210711,0.080000
1765240402.213779,0.080000
1765240402.217281,0.080000
1765240402.220128,0.080000
1765240402.222854,0.080000
1765240402.226271,0.080000
1765240402.229620,0.080000
1765240402.232195,0.080000
1765240402.234832,0.080000
1765240402.237403,0.080000
1765240402.239947,0.080000
1765240402.242634,0.080000
1765240402.245197,0.080000
1765240402.247849,0.080000
1765240402.250458,0.080000
1765240402.253102,0.080000
1765240402.255744,0.080000
1765240402.258798,0.080000
1765240402.261449,0.080000
1765240402.263984,0.080000
1765240402.266624,0.080000
1765240402.269396,0.080000
1765240402.271941,0.080000
1765240402.274625,0.080000
1765240402.277272,0.080000
1765240402.279923,0.080000
1765240402.282530,0.080000
1765240402.285206,0.080000
1765240402.287873,0.080000
1765240402.290490,0.080000
1765240402.293226,0.080000
1765240402.295814,0.080000
1765240402.298347,0.080000
1765240402.301025,0.080000
1765240402.303675,0.080000
1765240402.306400,0.080000
1765240402.309123,0.080000
1765240402.311824,0.080000
1765240402.314428,0.080000
1765240402.317106,0.080000
1765240402.319715,0.080000
1765240402.322370,0.080000
1765240402.325033,0.080000
1765240402.327616,0.080000
1765240402.330200,0.080000
1765240402.332828,0.080000
1765240402.335427,0.080000
1765240402.338084,0.080000
1765240402.340768,0.080000
1765240402.343373,0.080000
1765240402.345972,0.080000
1765240402.348582,0.080000
1765240402.351306,0.080000
1765240402.353836,0.080000
1765240402.356608,0.080000
1765240402.359165,0.080000
1765240402.361723,0.080000
1765240402.366371,0.080000
1765240402.368897,0.080000
1765240402.371450,0.080000
1765240402.374049,0.080000
1765240402.376701,0.080000
1765240402.379998,0.080000
1765240402.383058,0.080000
1765240402.386500,0.080000
1765240402.389065,0.080000
1765240402.391638,0.080000
1765240402.394279,0.080000
1765240402.396923,0.080000
1765240402.400375,0.080000
1765240402.402973,0.080000
1765240402.405640,0.080000
1765240402.408278,0.080000
1765240402.410995,0.080000
1765240402.413654,0.080000
1765240402.416280,0.080000
1765240402.419382,0.080000
1765240402.421959,0.080000
1765240402.424510,0.080000
1765240402.427069,0.080000
1765240402.429741,0.080000
1765240402.432281,0.080000
1765240402.434883,0.080000
1765240402.437522,0.080000
1765240402.440460,0.080000
1765240402.443073,0.080000
1765240402.445773,0.080000
1765240402.448448,0.080000
1765240402.451092,0.080000
1765240402.453827,0.080000
1765240402.456387,0.080000
1765240402.459031,0.080000
1765240402.461705,0.080000
1765240402.464330,0.080000
1765240402.466914,0.080000
1765240402.469519,0.080000
1765240402.472276,0.080000
1765240402.475042,0.080000
1765240402.477641,0.080000
1765240402.480256,0.080000
1765240402.482861,0.080000
1765240402.485500,0.080000
1765240402.488213,0.080000
1765240402.490804,0.080000
1765240402.493371,0.080000
1765240402.495960,0.080000
1765240402.498662,0.080000
1765240402.501277,0.080000
1765240402.503888,0.080000
1765240402.506459,0.080000
1765240402.509017,0.080000
1765240402.513062,0.080000
1765240402.515694,0.080000
1765240402.518276,0.080000
1765240402.520896,0.080000
1765240402.523426,0.080000
1765240402.526721,0.080000
1765240402.529887,0.080000
1765240402.533309,0.080000
1765240402.535973,0.080000
1765240402.538587,0.080000
1765240402.541132,0.080000
1765240402.543717,0.080000
1765240402.547073,0.080000
1765240402.549750,0.080000
1765240402.552321,0.080000
1765240402.554985,0.080000
1765240402.557671,0.080000
1765240402.560364,0.080000
1765240402.562989,0.080000
1765240402.566154,0.080000
1765240402.568763,0.080000
1765240402.571377,0.080000
1765240402.573986,0.080000
1765240402.576472,0.080000
1765240402.579061,0.080000
1765240402.581746,0.080000
1765240402.584423,0.080000
1765240402.587053,0.080000
1765240402.589667,0.080000
1765240402.592300,0.080000
1765240402.594867,0.080000
1765240402.597524,0.080000
1765240402.600180,0.080000
1765240402.602826,0.080000
1765240402.605442,0.080000
1765240402.608105,0.080000
1765240402.610845,0.080000
1765240402.613525,0.080000
1765240402.616105,0.080000
1765240402.618806,0.080000
1765240402.621435,0.080000
1765240402.624006,0.080000
1765240402.626608,0.080000
1765240402.629180,0.080000
1765240402.631839,0.080000
1765240402.634519,0.080000
1765240402.637175,0.080000
1765240402.639910,0.080000
1765240402.642513,0.080000
1765240402.645116,0.080000
1765240402.647831,0.080000
1765240402.650394,0.080000
1765240402.653116,0.080000
1765240402.655856,0.080000
1765240402.658467,0.080000
1765240402.661077,0.080000
1765240402.663716,0.080000
1765240402.666323,0.080000
1765240402.668932,0.080000
1765240402.671561,0.080000
1765240402.674180,0.080000
1765240402.676816,0.080000
1765240402.679335,0.080000
1765240402.683839,0.080000
1765240402.686362,0.080000
1765240402.688921,0.080000
1765240402.691585,0.080000
1765240402.694184,0.080000
1765240402.697393,0.080000
1765240402.700527,0.080000
1765240402.704002,0.080000
1765240402.706608,0.080000
1765240402.709167,0.080000
1765240402.711807,0.080000
1765240402.714439,0.320000
1765240402.718059,0.080000
1765240402.720662,0.080000
1765240402.723424,0.080000
1765240402.726704,0.080000
1765240402.729390,0.080000
1765240402.732034,0.080000
1765240402.735384,0.080000
1765240402.738008,0.080000
1765240402.740560,0.080000
1765240402.743172,0.080000
1765240402.745881,0.080000
1765240402.748426,0.080000
1765240402.751040,0.080000
1765240402.753632,0.080000
1765240402.756318,0.080000
1765240402.758910,0.080000
1765240402.761569,0.080000
1765240402.764315,0.080000
1765240402.766942,0.080000
1765240402.769536,0.080000
1765240402.772111,0.080000
1765240402.774796,0.080000
1765240402.778984,0.080000
1765240402.781649,0.080000
1765240402.784298,0.080000
1765240402.786908,0.080000
1765240402.789473,0.080000
1765240402.792650,0.080000
1765240402.795280,0.080000
1765240402.797985,0.080000
1765240402.800680,0.080000
1765240402.803271,0.080000
1765240402.805892,0.080000
1765240402.808549,0.080000
1765240402.811184,0.080000
1765240402.813874,0.080000
1765240402.816583,0.080000
1765240402.819325,0.080000
1765240402.821936,0.080000
1765240402.824492,0.080000
1765240402.827231,0.080000
1765240402.829828,0.080000
1765240402.832582,0.080000
1765240402.835166,0.080000
1765240402.837832,0.080000
1765240402.840473,0.080000
1765240402.843094,0.080000
1765240402.845727,0.080000
1765240402.848356,0.080000
1765240402.850947,0.080000
1765240402.854901,0.080000
1765240402.857528,0.080000
1765240402.860132,0.080000
1765240402.862877,0.080000
1765240402.865418,0.080000
1765240402.868552,0.080000
1765240402.871597,0.080000
1765240402.875031,0.080000
1765240402.877683,0.080000
1765240402.880282,0.080000
1765240402.882923,0.080000
1765240402.885451,0.080000
1765240402.888888,0.080000
1765240402.891473,0.080000
1765240402.894143,0.080000
1765240402.896727,0.080000
1765240402.899353,0.080000
1765240402.902019,0.080000
1765240402.904559,0.080000
1765240402.907879,0.080000
1765240402.910489,0.080000
1765240402.913068,0.080000
1765240402.915630,0.080000
1765240402.918193,0.080000
1765240402.920759,0.080000
1765240402.923495,0.080000
1765240402.926096,0.080000
1765240402.928772,0.080000
1765240402.931403,0.080000
1765240402.933937,0.080000
1765240402.936555,0.080000
1765240402.939138,0.080000
1765240402.941869,0.080000
1765240402.944451,0.080000
1765240402.947034,0.080000
1765240402.949657,0.080000
1765240402.952339,0.080000
1765240402.954991,0.080000
1765240402.957690,0.080000
1765240402.960279,0.080000
1765240402.962968,0.080000
1765240402.965602,0.080000
1765240402.968349,0.080000
1765240402.970925,0.080000
1765240402.973591,0.080000
1765240402.976197,0.080000
1765240402.978827,0.080000
1765240402.981479,0.080000
1765240402.984075,0.080000
1765240402.986786,0.080000
1765240402.989451,0.080000
1765240402.992031,0.080000
1765240402.994725,0.080000
1765240402.997349,0.080000
1765240403.000042,0.080000
1765240403.002653,0.080000
1765240403.005290,0.080000
1765240403.007890,0.080000
1765240403.010536,0.080000
1765240403.013228,0.080000
1765240403.015759,0.080000
1765240403.018358,0.080000
1765240403.020923,0.080000
1765240403.025886,0.080000
1765240403.028535,0.080000
1765240403.031196,0.080000
1765240403.033742,0.080000
1765240403.036328,0.080000
1765240403.039414,0.080000
1765240403.042561,0.080000
1765240403.046085,0.080000
1765240403.048709,0.080000
1765240403.051327,0.080000
1765240403.053961,0.080000
1765240403.056528,0.080000
1765240403.059824,0.080000
1765240403.062502,0.080000
1765240403.065157,0.080000
1765240403.067860,0.080000
1765240403.070395,0.080000
1765240403.072957,0.080000
1765240403.075615,0.080000
1765240403.078827,0.080000
1765240403.081467,0.080000
1765240403.084024,0.080000
1765240403.086617,0.080000
1765240403.089189,0.080000
1765240403.091791,0.080000
1765240403.094311,0.080000
1765240403.096900,0.080000
1765240403.099573,0.080000
1765240403.102340,0.080000
1765240403.105052,0.080000
1765240403.107580,0.080000
1765240403.110152,0.080000
1765240403.112866,0.080000
1765240403.115526,0.080000
1765240403.118093,0.080000
1765240403.120769,0.080000
1765240403.123353,0.080000
1765240403.125935,0.080000
1765240403.128531,0.080000
1765240403.131196,0.080000
1765240403.133785,0.080000
1765240403.136383,0.080000
1765240403.138968,0.080000
1765240403.141578,0.080000
1765240403.144201,0.080000
1765240403.146835,0.080000
1765240403.149488,0.080000
1765240403.152136,0.080000
1765240403.154820,0.080000
1765240403.157432,0.080000
1765240403.160108,0.080000
1765240403.162758,0.080000
1765240403.165460,0.080000
1765240403.168158,0.080000
1765240403.170774,0.080000
1765240403.173402,0.080000
1765240403.176069,0.080000
1765240403.178771,0.080000
1765240403.181458,0.080000
1765240403.184088,0.080000
1765240403.186693,0.080000
1765240403.189307,0.080000
1765240403.191918,0.080000
1765240403.196606,0.080000
1765240403.199184,0.080000
1765240403.201835,0.080000
1765240403.204487,0.080000
1765240403.207297,0.080000
1765240403.210202,0.080000
1765240403.213311,0.080000
1765240403.216717,0.080000
1765240403.219291,0.080000
1765240403.221855,0.080000
1765240403.224469,0.080000
1765240403.227117,0.080000
1765240403.230581,0.080000
1765240403.233240,0.080000
1765240403.235821,0.080000
1765240403.238457,0.080000
1765240403.241129,0.080000
1765240403.243769,0.080000
1765240403.246379,0.080000
1765240403.249559,0.080000
1765240403.252100,0.080000
1765240403.254780,0.080000
1765240403.257573,0.080000
1765240403.260339,0.080000
1765240403.262907,0.080000
1765240403.265548,0.080000
1765240403.268271,0.080000
1765240403.270823,0.080000
1765240403.273468,0.080000
1765240403.276049,0.080000
1765240403.278667,0.080000
1765240403.281329,0.080000
1765240403.283988,0.080000
1765240403.286503,0.080000
1765240403.289097,0.080000
1765240403.291711,0.080000
1765240403.294284,0.080000
1765240403.296903,0.080000
1765240403.299479,0.080000
1765240403.302072,0.080000
1765240403.304702,0.080000
1765240403.307333,0.080000
1765240403.309935,0.080000
1765240403.312536,0.080000
1765240403.315187,0.080000
1765240403.317864,0.080000
1765240403.320481,0.080000
1765240403.323021,0.080000
1765240403.325588,0.080000
1765240403.328285,0.080000
1765240403.330850,0.080000
1765240403.333390,0.080000
1765240403.336016,0.080000
1765240403.338586,0.080000
1765240403.341186,0.080000
1765240403.343902,0.080000
1765240403.346549,0.080000
1765240403.349138,0.080000
1765240403.351718,0.080000
1765240403.354407,0.080000
1765240403.357109,0.080000
1765240403.359747,0.080000
1765240403.362440,0.080000
1765240403.367434,0.080000
1765240403.370100,0.080000
1765240403.372721,0.080000
1765240403.375368,0.080000
1765240403.378033,0.080000
1765240403.381032,0.080000
1765240403.384150,0.080000
1765240403.387597,0.080000
1765240403.390200,0.080000
1765240403.392829,0.080000
1765240403.395415,0.080000
1765240403.397995,0.080000
1765240403.401463,0.080000
1765240403.404087,0.080000
1765240403.406551,0.080000
1765240403.409113,0.080000
1765240403.411720,0.080000
1765240403.414309,0.080000
1765240403.416914,0.080000
1765240403.419553,0.080000
1765240403.422125,0.080000
1765240403.424765,0.080000
1765240403.427317,0.080000
1765240403.430565,0.080000
1765240403.433155,0.080000
1765240403.435810,0.080000
1765240403.438339,0.080000
1765240403.440986,0.080000
1765240403.443621,0.080000
1765240403.446290,0.080000
1765240403.448878,0.080000
1765240403.451472,0.080000
1765240403.454101,0.080000
1765240403.456778,0.080000
1765240403.459386,0.080000
1765240403.462014,0.080000
1765240403.464609,0.080000
1765240403.467228,0.080000
1765240403.469753,0.080000
1765240403.472375,0.080000
1765240403.475039,0.080000
1765240403.477723,0.080000
1765240403.480387,0.080000
1765240403.483073,0.080000
1765240403.485618,0.080000
1765240403.488304,0.080000
1765240403.490876,0.080000
1765240403.493394,0.080000
1765240403.496022,0.080000
1765240403.498606,0.080000
1765240403.501291,0.080000
1765240403.503905,0.080000
1765240403.506447,0.080000
1765240403.509083,0.080000
1765240403.511848,0.080000
1765240403.514472,0.080000
1765240403.517119,0.080000
1765240403.519855,0.080000
1765240403.522470,0.080000
1765240403.525043,0.080000
1765240403.527577,0.080000
1765240403.530284,0.080000
1765240403.532961,0.080000
1765240403.535633,0.080000
1765240403.539547,0.080000
1765240403.542196,0.080000
1765240403.544847,0.080000
1765240403.547411,0.080000
1765240403.550006,0.080000
1765240403.553192,0.080000
1765240403.556353,0.080000
1765240403.559761,0.080000
1765240403.562336,0.080000
1765240403.564914,0.080000
1765240403.567501,0.080000
1765240403.570045,0.080000
1765240403.573511,0.080000
1765240403.576109,0.080000
1765240403.578802,0.080000
1765240403.581384,0.080000
1765240403.583964,0.080000
1765240403.586497,0.080000
1765240403.589134,0.080000
1765240403.592596,0.080000
1765240403.595156,0.080000
1765240403.597870,0.080000
1765240403.600411,0.080000
1765240403.602965,0.080000
1765240403.605582,0.080000
1765240403.608216,0.080000
1765240403.610837,0.080000
1765240403.613520,0.080000
1765240403.616144,0.080000
1765240403.618732,0.080000
1765240403.621339,0.080000
1765240403.623935,0.080000
1765240403.626562,0.080000
1765240403.629179,0.080000
1765240403.631814,0.080000
1765240403.634514,0.080000
1765240403.637147,0.080000
1765240403.639843,0.080000
1765240403.642435,0.080000
1765240403.645146,0.080000
1765240403.647774,0.080000
1765240403.650380,0.080000
1765240403.653019,0.080000
1765240403.655632,0.080000
1765240403.658345,0.080000
1765240403.660987,0.080000
1765240403.663645,0.080000
1765240403.666319,0.080000
1765240403.668971,0.080000
1765240403.671596,0.080000
1765240403.674140,0.080000
1765240403.676760,0.080000
1765240403.679406,0.080000
1765240403.682027,0.080000
1765240403.684561,0.080000
1765240403.687243,0.080000
1765240403.689764,0.080000
1765240403.692384,0.080000
1765240403.695029,0.080000
1765240403.697701,0.080000
1765240403.700273,0.080000
1765240403.702848,0.080000
1765240403.705377,0.080000
1765240403.708054,0.080000
1765240403.711987,0.080000
1765240403.714657,0.080000
1765240403.717283,0.080000
1765240403.719850,0.080000
1765240403.722490,0.080000
1765240403.725623,0.080000
1765240403.728687,0.080000
1765240403.732090,0.080000
1765240403.734825,0.080000
1765240403.737392,0.080000
1765240403.740038,0.080000
1765240403.742607,0.080000
1765240403.745965,0.080000
1765240403.748587,0.080000
1765240403.751188,0.080000
1765240403.753831,0.080000
1765240403.756382,0.080000
1765240403.759014,0.080000
1765240403.761595,0.080000
1765240403.764892,0.080000
1765240403.767594,0.080000
1765240403.770220,0.080000
1765240403.772800,0.080000
1765240403.775358,0.080000
1765240403.777957,0.080000
1765240403.780639,0.080000
1765240403.783185,0.080000
1765240403.786055,0.080000
1765240403.788686,0.080000
1765240403.791304,0.080000
1765240403.793901,0.080000
1765240403.796590,0.080000
1765240403.799142,0.080000
1765240403.801750,0.080000
1765240403.804300,0.080000
1765240403.806840,0.080000
1765240403.809478,0.080000
1765240403.812029,0.080000
1765240403.814602,0.080000
1765240403.817351,0.080000
1765240403.820029,0.080000
1765240403.822669,0.080000
1765240403.825345,0.080000
1765240403.827896,0.080000
1765240403.830573,0.080000
1765240403.833124,0.080000
1765240403.835719,0.080000
1765240403.838337,0.080000
1765240403.840899,0.080000
1765240403.843550,0.080000
1765240403.846063,0.080000
1765240403.848645,0.080000
1765240403.851286,0.080000
1765240403.853905,0.080000
1765240403.856530,0.080000
1765240403.859163,0.080000
1765240403.861742,0.080000
1765240403.864422,0.080000
1765240403.867094,0.080000
1765240403.869674,0.080000
1765240403.872276,0.080000
1765240403.874888,0.080000
1765240403.877541,0.080000
1765240403.880290,0.080000
1765240403.884098,0.080000
1765240403.886812,0.080000
1765240403.889401,0.080000
1765240403.892020,0.080000
1765240403.894726,0.080000
1765240403.897688,0.080000
1765240403.900822,0.080000
1765240403.904220,0.080000
1765240403.906795,0.080000
1765240403.909332,0.080000
1765240403.911928,0.080000
1765240403.914615,0.080000
1765240403.918101,0.080000
1765240403.920743,0.080000
1765240403.923278,0.080000
1765240403.925932,0.080000
1765240403.928631,0.080000
1765240403.931288,0.080000
1765240403.933821,0.080000
1765240403.937133,0.080000
1765240403.939781,0.080000
1765240403.942382,0.080000
1765240403.944958,0.080000
1765240403.947574,0.080000
1765240403.950213,0.080000
1765240403.952894,0.080000
1765240403.955510,0.080000
1765240403.958095,0.080000
1765240403.960743,0.080000
1765240403.963405,0.080000
1765240403.966087,0.080000
1765240403.968764,0.080000
1765240403.971459,0.080000
1765240403.974032,0.080000
1765240403.976815,0.080000
1765240403.979452,0.080000
1765240403.982061,0.080000
1765240403.984639,0.080000
1765240403.987294,0.080000
1765240403.989951,0.080000
1765240403.992534,0.080000
1765240403.995115,0.080000
1765240403.997762,0.080000
1765240404.000433,0.080000
1765240404.003247,0.080000
1765240404.005857,0.080000
1765240404.008456,0.080000
1765240404.011087,0.080000
1765240404.013731,0.080000
1765240404.016359,0.080000
1765240404.019040,0.080000
1765240404.021647,0.080000
1765240404.024382,0.080000
1765240404.027122,0.080000
1765240404.029852,0.080000
1765240404.032410,0.080000
1765240404.035049,0.080000
1765240404.037597,0.080000
1765240404.040283,0.080000
1765240404.042855,0.080000
1765240404.045424,0.080000
1765240404.048136,0.080000
1765240404.050808,0.080000
1765240404.054773,0.080000
1765240404.057285,0.080000
1765240404.059892,0.080000
1765240404.062468,0.080000
1765240404.065137,0.080000
1765240404.068442,0.080000
1765240404.071536,0.080000
1765240404.074926,0.080000
1765240404.077579,0.080000
1765240404.080176,0.080000
1765240404.082814,0.080000
1765240404.085440,0.080000
1765240404.088887,0.080000
1765240404.091506,0.080000
1765240404.094187,0.080000
1765240404.097613,0.080000
1765240404.100206,0.080000
1765240404.102891,0.080000
1765240404.105571,0.080000
1765240404.108174,0.080000
1765240404.110755,0.080000
1765240404.113416,0.080000
1765240404.116464,0.080000
1765240404.119015,0.080000
1765240404.121613,0.080000
1765240404.124179,0.080000
1765240404.126727,0.080000
1765240404.129352,0.080000
1765240404.132054,0.080000
1765240404.134659,0.080000
1765240404.137274,0.080000
1765240404.139954,0.080000
1765240404.142808,0.080000
1765240404.145460,0.080000
1765240404.148068,0.080000
1765240404.150639,0.080000
1765240404.153295,0.080000
1765240404.155868,0.080000
1765240404.158461,0.080000
1765240404.161119,0.080000
1765240404.163705,0.080000
1765240404.166356,0.080000
1765240404.169029,0.080000
1765240404.171604,0.080000
1765240404.174277,0.080000
1765240404.176870,0.080000
1765240404.179490,0.080000
1765240404.182033,0.080000
1765240404.184573,0.080000
1765240404.187178,0.080000
1765240404.189871,0.080000
1765240404.192606,0.080000
1765240404.195279,0.080000
1765240404.197969,0.080000
1765240404.200583,0.080000
1765240404.203197,0.080000
1765240404.205873,0.080000
1765240404.208389,0.080000
1765240404.211023,0.080000
1765240404.213616,0.080000
1765240404.216171,0.080000
1765240404.218818,0.080000
1765240404.221336,0.080000
1765240404.225976,0.080000
1765240404.228496,0.080000
1765240404.231065,0.080000
1765240404.233620,0.080000
1765240404.236321,0.080000
1765240404.239536,0.080000
1765240404.242669,0.080000
1765240404.246137,0.080000
1765240404.248793,0.080000
1765240404.251370,0.080000
1765240404.254012,0.080000
1765240404.256535,0.080000
1765240404.259989,0.080000
1765240404.262530,0.080000
1765240404.265170,0.080000
1765240404.267860,0.080000
1765240404.270478,0.080000
1765240404.273134,0.080000
1765240404.275721,0.080000
1765240404.278955,0.080000
1765240404.281529,0.080000
1765240404.284131,0.080000
1765240404.286782,0.080000
1765240404.289367,0.080000
1765240404.291974,0.080000
1765240404.294591,0.080000
1765240404.297154,0.080000
1765240404.299805,0.080000
1765240404.302404,0.080000
1765240404.305075,0.080000
1765240404.307767,0.080000
1765240404.310413,0.080000
1765240404.312981,0.080000
1765240404.315560,0.080000
1765240404.318215,0.080000
1765240404.320846,0.080000
1765240404.323419,0.080000
1765240404.326013,0.080000
1765240404.328611,0.080000
1765240404.331197,0.080000
1765240404.333775,0.080000
1765240404.336375,0.080000
1765240404.338989,0.080000
1765240404.341582,0.080000
1765240404.344202,0.080000
1765240404.346828,0.080000
1765240404.349447,0.080000
1765240404.352021,0.080000
1765240404.355034,0.080000
1765240404.357745,0.080000
1765240404.360415,0.080000
1765240404.363188,0.080000
1765240404.365778,0.080000
1765240404.368431,0.080000
1765240404.372861,0.080000
1765240404.375868,0.080000
1765240404.378589,0.080000
1765240404.381740,0.080000
1765240404.385020,0.080000
1765240404.388112,0.080000
1765240404.391561,0.080000
1765240404.394293,0.080000
1765240404.396931,0.080000
1765240404.399593,0.080000
1765240404.402192,0.080000
1765240404.405328,0.080000
1765240404.407998,0.080000
1765240404.410600,0.080000
1765240404.413197,0.080000
1765240404.415845,0.080000
1765240404.418442,0.080000
1765240404.420981,0.080000
1765240404.424305,0.080000
1765240404.426903,0.080000
1765240404.429453,0.080000
1765240404.432062,0.080000
1765240404.434711,0.080000
1765240404.437334,0.080000
1765240404.439945,0.080000
1765240404.442657,0.080000
1765240404.445409,0.080000
1765240404.448072,0.080000
1765240404.450652,0.080000
1765240404.453377,0.080000
1765240404.455959,0.080000
1765240404.458559,0.080000
1765240404.461170,0.080000
1765240404.463878,0.080000
1765240404.466507,0.080000
1765240404.469206,0.080000
1765240404.471802,0.080000
1765240404.474445,0.080000
1765240404.477081,0.080000
1765240404.479762,0.080000
1765240404.482462,0.080000
1765240404.485012,0.080000
1765240404.487586,0.080000
1765240404.490241,0.080000
1765240404.492837,0.080000
1765240404.495415,0.080000
1765240404.497967,0.080000
1765240404.500748,0.080000
1765240404.503367,0.080000
1765240404.506064,0.080000
1765240404.508736,0.080000
1765240404.511292,0.080000
1765240404.513918,0.080000
1765240404.516488,0.080000
1765240404.519223,0.080000
1765240404.521811,0.080000
1765240404.524379,0.080000
1765240404.526975,0.080000
1765240404.529581,0.080000
1765240404.532197,0.080000
1765240404.534909,0.080000
1765240404.537509,0.080000
1765240404.542144,0.080000
1765240404.544781,0.080000
1765240404.547362,0.080000
1765240404.549950,0.080000
1765240404.552595,0.080000
1765240404.555766,0.080000
1765240404.558795,0.080000
1765240404.562206,0.080000
1765240404.564801,0.080000
1765240404.567482,0.080000
1765240404.570072,0.080000
1765240404.572686,0.080000
1765240404.576114,0.080000
1765240404.578807,0.080000
1765240404.581457,0.080000
1765240404.584115,0.080000
1765240404.586843,0.080000
1765240404.589486,0.080000
1765240404.592056,0.080000
1765240404.595058,0.080000
1765240404.597739,0.080000
1765240404.600291,0.080000
1765240404.602952,0.080000
1765240404.605528,0.080000
1765240404.608527,0.080000
1765240404.611198,0.080000
1765240404.613884,0.080000
1765240404.616437,0.080000
1765240404.618964,0.080000
1765240404.621588,0.080000
1765240404.624230,0.080000
1765240404.626885,0.080000
1765240404.629529,0.080000
1765240404.632233,0.080000
1765240404.634830,0.080000
1765240404.637410,0.080000
1765240404.640124,0.080000
1765240404.642772,0.080000
1765240404.645458,0.080000
1765240404.648065,0.080000
1765240404.650734,0.080000
1765240404.653341,0.080000
1765240404.655912,0.080000
1765240404.658635,0.080000
1765240404.661278,0.080000
1765240404.663856,0.080000
1765240404.666514,0.080000
1765240404.669146,0.080000
1765240404.671765,0.080000
1765240404.674388,0.080000
1765240404.677047,0.080000
1765240404.679684,0.080000
1765240404.682363,0.080000
1765240404.685032,0.080000
1765240404.687700,0.080000
1765240404.690332,0.080000
1765240404.692972,0.080000
1765240404.695693,0.080000
1765240404.698304,0.080000
1765240404.700892,0.080000
1765240404.703565,0.080000
1765240404.706149,0.080000
1765240404.708721,0.080000
1765240404.712831,0.080000
1765240404.715625,0.080000
1765240404.718285,0.080000
1765240404.721689,0.080000
1765240404.724969,0.080000
1765240404.728094,0.080000
1765240404.731491,0.080000
1765240404.734087,0.080000
1765240404.736772,0.080000
1765240404.739468,0.080000
1765240404.742090,0.080000
1765240404.745425,0.080000
1765240404.747964,0.080000
1765240404.750614,0.080000
1765240404.753182,0.080000
1765240404.755849,0.080000
1765240404.758530,0.080000
1765240404.761127,0.080000
1765240404.764315,0.080000
1765240404.766941,0.080000
1765240404.769560,0.080000
1765240404.772115,0.080000
1765240404.774740,0.080000
1765240404.777386,0.080000
1765240404.780007,0.080000
1765240404.782649,0.080000
1765240404.785322,0.080000
1765240404.787975,0.080000
1765240404.790577,0.080000
1765240404.793321,0.080000
1765240404.795995,0.080000
1765240404.798563,0.080000
1765240404.801197,0.080000
1765240404.803848,0.080000
1765240404.806460,0.080000
1765240404.809092,0.080000
1765240404.811660,0.080000
1765240404.814327,0.080000
1765240404.817077,0.080000
1765240404.819819,0.080000
1765240404.822415,0.080000
1765240404.825063,0.080000
1765240404.827660,0.080000
1765240404.830335,0.080000
1765240404.832983,0.080000
1765240404.835622,0.080000
1765240404.838388,0.080000
1765240404.840992,0.080000
1765240404.843520,0.080000
1765240404.846156,0.080000
1765240404.848748,0.080000
1765240404.851379,0.080000
1765240404.854006,0.080000
1765240404.856606,0.080000
1765240404.859207,0.080000
1765240404.861866,0.080000
1765240404.864413,0.080000
1765240404.866986,0.080000
1765240404.869509,0.080000
1765240404.872117,0.080000
1765240404.874712,0.080000
1765240404.877305,0.080000
1765240404.882137,0.080000
1765240404.884851,0.080000
1765240404.887374,0.080000
1765240404.890020,0.080000
1765240404.892651,0.080000
1765240404.895654,0.080000
1765240404.898839,0.080000
1765240404.902213,0.080000
1765240404.904784,0.080000
1765240404.907415,0.080000
1765240404.910060,0.080000
1765240404.912622,0.080000
1765240404.916077,0.080000
1765240404.918680,0.080000
1765240404.921284,0.080000
1765240404.923881,0.080000
1765240404.926604,0.080000
1765240404.929227,0.080000
1765240404.931806,0.080000
1765240404.935001,0.080000
1765240404.937529,0.080000
1765240404.940208,0.080000
1765240404.942786,0.080000
1765240404.945402,0.080000
1765240404.948030,0.080000
1765240404.950671,0.080000
1765240404.953328,0.080000
1765240404.955914,0.080000
1765240404.958523,0.080000
1765240404.961156,0.080000
1765240404.963894,0.080000
1765240404.966568,0.080000
1765240404.969221,0.080000
1765240404.971854,0.080000
1765240404.974407,0.080000
1765240404.977040,0.080000
1765240404.980197,0.080000
1765240404.982853,0.080000
1765240404.985529,0.080000
1765240404.988137,0.080000
1765240404.990796,0.080000
1765240404.993418,0.080000
1765240404.995964,0.080000
1765240404.998579,0.080000
1765240405.001148,0.080000
1765240405.003723,0.080000
1765240405.006310,0.080000
1765240405.008960,0.080000
1765240405.011570,0.080000
1765240405.014207,0.080000
1765240405.016891,0.080000
1765240405.019500,0.080000
1765240405.022079,0.080000
1765240405.024730,0.080000
1765240405.028836,0.080000
1765240405.031512,0.080000
1765240405.034019,0.080000
1765240405.036633,0.080000
1765240405.039381,0.080000
1765240405.042453,0.080000
1765240405.045515,0.080000
1765240405.049025,0.080000
1765240405.051659,0.080000
1765240405.054331,0.080000
1765240405.057001,0.080000
1765240405.059592,0.080000
1765240405.062812,0.080000
1765240405.065409,0.080000
1765240405.068043,0.080000
1765240405.070659,0.080000
1765240405.073291,0.080000
1765240405.075916,0.080000
1765240405.078571,0.080000
1765240405.081815,0.080000
1765240405.084373,0.080000
1765240405.086941,0.080000
1765240405.089567,0.080000
1765240405.092194,0.080000
1765240405.094767,0.080000
1765240405.097396,0.080000
1765240405.099994,0.080000
1765240405.102548,0.080000
1765240405.105144,0.080000
1765240405.107751,0.080000
1765240405.110324,0.080000
1765240405.112978,0.080000
1765240405.115475,0.080000
1765240405.118061,0.080000
1765240405.120763,0.080000
1765240405.123370,0.080000
1765240405.125945,0.080000
1765240405.128523,0.080000
1765240405.131167,0.080000
1765240405.133815,0.080000
1765240405.136389,0.080000
1765240405.139025,0.080000
1765240405.141661,0.080000
1765240405.144302,0.080000
1765240405.146924,0.080000
1765240405.149515,0.080000
1765240405.152111,0.080000
1765240405.154904,0.080000
1765240405.157475,0.080000
1765240405.160117,0.080000
1765240405.162772,0.080000
1765240405.165431,0.080000
1765240405.168039,0.080000
1765240405.170608,0.080000
1765240405.173198,0.080000
1765240405.175786,0.080000
1765240405.178364,0.080000
1765240405.181022,0.080000
1765240405.183717,0.080000
1765240405.186337,0.080000
1765240405.188918,0.080000
1765240405.191587,0.080000
1765240405.194189,0.080000
1765240405.196799,0.080000
1765240405.201061,0.080000
1765240405.203652,0.080000
1765240405.206332,0.080000
1765240405.208963,0.080000
1765240405.211683,0.080000
1765240405.214638,0.080000
1765240405.217679,0.080000
1765240405.221170,0.080000
1765240405.223847,0.080000
1765240405.226497,0.080000
1765240405.229192,0.080000
1765240405.231808,0.080000
1765240405.235009,0.080000
1765240405.237588,0.080000
1765240405.240191,0.080000
1765240405.242815,0.080000
1765240405.245460,0.080000
1765240405.248093,0.080000
1765240405.250733,0.080000
1765240405.254055,0.080000
1765240405.256628,0.080000
1765240405.259195,0.080000
1765240405.261782,0.080000
1765240405.264295,0.080000
1765240405.266846,0.080000
1765240405.269474,0.080000
1765240405.272062,0.080000
1765240405.274660,0.080000
1765240405.277294,0.080000
1765240405.279930,0.080000
1765240405.282540,0.080000
1765240405.285112,0.080000
1765240405.287777,0.080000
1765240405.290367,0.080000
1765240405.292924,0.080000
1765240405.295523,0.080000
1765240405.298099,0.080000
1765240405.300872,0.080000
1765240405.303483,0.080000
1765240405.306139,0.080000
1765240405.308819,0.080000
1765240405.311349,0.080000
1765240405.313930,0.080000
1765240405.316598,0.080000
1765240405.319198,0.080000
1765240405.321893,0.080000
1765240405.324545,0.080000
1765240405.327328,0.080000
1765240405.329919,0.080000
1765240405.332514,0.080000
1765240405.335092,0.080000
1765240405.337731,0.080000
1765240405.340331,0.080000
1765240405.342965,0.080000
1765240405.345522,0.080000
1765240405.348147,0.080000
1765240405.350816,0.080000
1765240405.353453,0.080000
1765240405.356071,0.080000
1765240405.358867,0.080000
1765240405.361475,0.080000
1765240405.364139,0.080000
1765240405.366865,0.080000
1765240405.371816,0.080000
1765240405.374475,0.080000
1765240405.377065,0.080000
1765240405.379659,0.080000
1765240405.382315,0.080000
1765240405.385345,0.080000
1765240405.388384,0.080000
1765240405.391816,0.080000
1765240405.394417,0.080000
1765240405.397031,0.080000
1765240405.399650,0.080000
1765240405.402324,0.080000
1765240405.405709,0.080000
1765240405.408298,0.080000
1765240405.410944,0.080000
1765240405.413555,0.080000
1765240405.416196,0.080000
1765240405.418828,0.080000
1765240405.421512,0.080000
1765240405.424686,0.080000
1765240405.427294,0.080000
1765240405.429892,0.080000
1765240405.432446,0.080000
1765240405.435043,0.080000
1765240405.437635,0.080000
1765240405.440280,0.080000
1765240405.442783,0.080000
1765240405.445473,0.080000
1765240405.448123,0.080000
1765240405.450742,0.080000
1765240405.453443,0.080000
1765240405.456035,0.080000
1765240405.458719,0.080000
1765240405.461292,0.080000
1765240405.463901,0.080000
1765240405.466535,0.080000
1765240405.469165,0.080000
1765240405.471784,0.080000
1765240405.474351,0.080000
1765240405.476917,0.080000
1765240405.479554,0.080000
1765240405.482117,0.080000
1765240405.484796,0.080000
1765240405.487440,0.080000
1765240405.490086,0.080000
1765240405.492667,0.080000
1765240405.495300,0.080000
1765240405.497998,0.080000
1765240405.500646,0.080000
1765240405.503303,0.080000
1765240405.505944,0.080000
1765240405.509058,0.080000
1765240405.511732,0.080000
1765240405.514332,0.080000
1765240405.516965,0.080000
1765240405.519612,0.080000
1765240405.522228,0.080000
1765240405.524827,0.080000
1765240405.527568,0.080000
1765240405.530126,0.080000
1765240405.532775,0.080000
1765240405.535391,0.080000
1765240405.537941,0.080000
1765240405.540524,0.080000
1765240405.544562,0.080000
1765240405.547184,0.080000
1765240405.549762,0.080000
1765240405.552392,0.080000
1765240405.555062,0.080000
1765240405.558258,0.080000
1765240405.561347,0.080000
1765240405.564773,0.080000
1765240405.567383,0.080000
1765240405.570010,0.080000
1765240405.572538,0.080000
1765240405.575157,0.080000
1765240405.578607,0.080000
1765240405.581242,0.080000
1765240405.583841,0.080000
1765240405.586392,0.080000
1765240405.589024,0.080000
1765240405.591567,0.080000
1765240405.594147,0.080000
1765240405.597650,0.080000
1765240405.600303,0.080000
1765240405.602920,0.080000
1765240405.605528,0.080000
1765240405.608152,0.080000
1765240405.610785,0.080000
1765240405.613459,0.080000
1765240405.616010,0.080000
1765240405.618572,0.080000
1765240405.621340,0.080000
1765240405.624042,0.080000
1765240405.626643,0.080000
1765240405.629285,0.080000
1765240405.631950,0.080000
1765240405.634540,0.080000
1765240405.637187,0.080000
1765240405.639810,0.080000
1765240405.642456,0.080000
1765240405.645119,0.080000
1765240405.647789,0.080000
1765240405.650378,0.080000
1765240405.652978,0.080000
